GID_0,NAME_0,GID_1,NAME_1,NL_NAME_1,GID_2,NAME_2,NL_NAME_2,GID_3,NAME_3,VARNAME_3,NL_NAME_3,TYPE_3,ENGTYPE_3,CC_3,HASC_3,_count,_sum,_mean,Jan07_mean,Feb07_mean,Mar07_mean,Apr07_mean
BFA,Burkina Faso,BFA.1_1,Boucle du Mouhoun,,BFA.1.1_1,Balé,,BFA.1.1.1_1,Bagassi,,,Département,Department,,BF.BO.BA.BG,760.000000000000000,3431.000000000000000,4.514473684210526,0.704275269871173,1.754263338835343,5.269479668658713,87.126846313476562
BFA,Burkina Faso,BFA.1_1,Boucle du Mouhoun,,BFA.1.1_1,Balé,,BFA.1.1.2_1,Bana,,,Département,Department,,BF.BO.BA.BN,184.000000000000000,860.000000000000000,4.673913043478261,0.391913640499115,1.522493600845337,5.159006118774414,80.136439514160159
BFA,Burkina Faso,BFA.1_1,Boucle du Mouhoun,,BFA.1.1_1,Balé,,BFA.1.1.3_1,Boromo,,,Département,Department,,BF.BO.BA.BO,1151.000000000000000,4786.000000000000000,4.158123370981755,0.329885522027810,0.862025231122971,3.265897854169210,93.499853006998691
BFA,Burkina Faso,BFA.1_1,Boucle du Mouhoun,,BFA.1.1_1,Balé,,BFA.1.1.4_1,Fara,,,Département,Department,,BF.BO.BA.FA,867.000000000000000,3698.000000000000000,4.265282583621684,0.189130540043116,0.855008633136749,4.664720239639283,91.472186584472652
BFA,Burkina Faso,BFA.1_1,Boucle du Mouhoun,,BFA.1.1_1,Balé,,BFA.1.1.5_1,Oury,Ouri,,Département,Department,,BF.BO.BA.OU,789.000000000000000,3199.000000000000000,4.054499366286438,0.505653213996154,1.013602868868754,3.282559055548448,79.124773759108322
BFA,Burkina Faso,BFA.1_1,Boucle du Mouhoun,,BFA.1.1_1,Balé,,BFA.1.1.6_1,Pa,,,Département,Department,,BF.BO.BA.PA,484.000000000000000,2186.000000000000000,4.516528925619835,0.493408762982913,1.573824482304709,5.643576724188669,87.421000889369424
BFA,Burkina Faso,BFA.1_1,Boucle du Mouhoun,,BFA.1.1_1,Balé,,BFA.1.1.7_1,Pompoï,,,Département,Department,,BF.BO.BA.PP,272.000000000000000,1068.000000000000000,3.926470588235294,0.553606450557709,1.442639261484146,4.487447082996368,90.179247856140137
BFA,Burkina Faso,BFA.1_1,Boucle du Mouhoun,,BFA.1.1_1,Balé,,BFA.1.1.8_1,Poura,,,Département,Department,,BF.BO.BA.PR,135.000000000000000,598.000000000000000,4.429629629629630,0.321297504007816,0.848409041762352,3.467458903789520,88.169069290161133
BFA,Burkina Faso,BFA.1_1,Boucle du Mouhoun,,BFA.1.1_1,Balé,,BFA.1.1.9_1,Siby,,,Département,Department,,BF.BO.BA.SI,329.000000000000000,1280.000000000000000,3.890577507598784,0.534358865684933,1.018028987778558,3.438310437732273,85.835650973849823
BFA,Burkina Faso,BFA.1_1,Boucle du Mouhoun,,BFA.1.1_1,Balé,,BFA.1.1.10_1,Yaho,,,Département,Department,,BF.BO.BA.YA,451.000000000000000,1989.000000000000000,4.410199556541020,0.496511297730299,1.553117669545687,5.889525120074932,79.976269648625305
BFA,Burkina Faso,BFA.1_1,Boucle du Mouhoun,,BFA.1.2_1,Banwa,,BFA.1.2.1_1,Balavé,Sanaba Solenzo,,Département,Department,,BF.BO.BW.SS,655.000000000000000,2549.000000000000000,3.891603053435114,0.207665153675609,1.306123375892639,4.393171297179328,36.038957595825195
BFA,Burkina Faso,BFA.1_1,Boucle du Mouhoun,,BFA.1.2_1,Banwa,,BFA.1.2.2_1,Kouka,,,Département,Department,,BF.BO.BW.KO,939.000000000000000,3253.000000000000000,3.464323748668797,0.298180403343091,1.158942319452763,4.932523429393768,55.875103314717613
BFA,Burkina Faso,BFA.1_1,Boucle du Mouhoun,,BFA.1.2_1,Banwa,,BFA.1.2.3_1,Sami,,,Département,Department,,BF.BO.BW.SM,794.000000000000000,3407.000000000000000,4.290931989924434,0.218363840753833,1.175545583168666,4.206466774145762,42.343099435170494
BFA,Burkina Faso,BFA.1_1,Boucle du Mouhoun,,BFA.1.2_1,Banwa,,BFA.1.2.4_1,Sanaba,,,Département,Department,,BF.BO.BW.SB,1104.000000000000000,3938.000000000000000,3.567028985507247,0.328499393071979,1.301177930086851,5.313574686646461,41.542836189270020
BFA,Burkina Faso,BFA.1_1,Boucle du Mouhoun,,BFA.1.2_1,Banwa,,BFA.1.2.5_1,Solenzo,,,Département,Department,,BF.BO.BW.SZ,2279.000000000000000,8035.000000000000000,3.525669153137341,0.364824539257420,1.570688147393484,4.817151448083302,50.322953663175070
BFA,Burkina Faso,BFA.1_1,Boucle du Mouhoun,,BFA.1.2_1,Banwa,,BFA.1.2.6_1,Tansila,,,Département,Department,,BF.BO.BW.TA,1297.000000000000000,5149.000000000000000,3.969930609097918,0.262850767829352,1.394196838140488,4.520295831892225,31.085209475623238
BFA,Burkina Faso,BFA.1_1,Boucle du Mouhoun,,BFA.1.3_1,Kossi,,BFA.1.3.1_1,Barani,,,Département,Department,,BF.BO.KS.BA,2279.000000000000000,7816.000000000000000,3.429574374725757,0.104088451988140,0.349839048673872,2.033911898487904,17.190435362643882
BFA,Burkina Faso,BFA.1_1,Boucle du Mouhoun,,BFA.1.3_1,Kossi,,BFA.1.3.2_1,Bomborokuy,Bomborokui,,Département,Department,,BF.BO.KS.BB,535.000000000000000,1780.000000000000000,3.327102803738318,0.073756132932270,0.395809918642044,3.691867632024429,22.353014441097486
BFA,Burkina Faso,BFA.1_1,Boucle du Mouhoun,,BFA.1.3_1,Kossi,,BFA.1.3.3_1,Bourasso,,,Département,Department,,BF.BO.KS.BS,831.000000000000000,3021.000000000000000,3.635379061371841,0.204246661747279,1.058223949826282,5.287421993587328,31.741979847783629
BFA,Burkina Faso,BFA.1_1,Boucle du Mouhoun,,BFA.1.3_1,Kossi,,BFA.1.3.4_1,Djibasso,,,Département,Department,,BF.BO.KS.DJ,1072.000000000000000,3693.000000000000000,3.444962686567164,0.106252440189322,0.343752889335155,1.897363813718160,20.041679064432781
BFA,Burkina Faso,BFA.1_1,Boucle du Mouhoun,,BFA.1.3_1,Kossi,,BFA.1.3.5_1,Dokuy,Dokui,,Département,Department,,BF.BO.KS.DK,917.000000000000000,3082.000000000000000,3.360959651035987,0.137528334856033,1.280229129791260,5.446491413116455,29.560533065795898
BFA,Burkina Faso,BFA.1_1,Boucle du Mouhoun,,BFA.1.3_1,Kossi,,BFA.1.3.6_1,Doumbala,Doumbala,,Département,Department,,BF.BO.KS.DL,614.000000000000000,1986.000000000000000,3.234527687296417,0.110600417151171,0.685561316854813,4.745012760162354,23.957180584178250
BFA,Burkina Faso,BFA.1_1,Boucle du Mouhoun,,BFA.1.3_1,Kossi,,BFA.1.3.7_1,Kombori,,,Département,Department,,BF.BO.KS.KO,264.000000000000000,809.000000000000000,3.064393939393939,0.202070206869394,0.398622920736670,1.652451790869236,17.194518566131592
BFA,Burkina Faso,BFA.1_1,Boucle du Mouhoun,,BFA.1.3_1,Kossi,,BFA.1.3.8_1,Madouba,,,Département,Department,,BF.BO.KS.MA,208.000000000000000,713.000000000000000,3.427884615384615,0.100387317438920,0.455728342135747,1.739305357138316,19.720491409301758
BFA,Burkina Faso,BFA.1_1,Boucle du Mouhoun,,BFA.1.3_1,Kossi,,BFA.1.3.9_1,Nouna,,,Département,Department,,BF.BO.KS.NO,1781.000000000000000,6349.000000000000000,3.564851207186974,0.148227625469468,1.120464087444909,4.259057006057428,25.465751414396326
BFA,Burkina Faso,BFA.1_1,Boucle du Mouhoun,,BFA.1.3_1,Kossi,,BFA.1.3.10_1,Sono,,,Département,Department,,BF.BO.KS.SO,464.000000000000000,1747.000000000000000,3.765086206896552,0.074168171600572,0.318883032671043,4.495222943169730,19.354990005493164
BFA,Burkina Faso,BFA.1_1,Boucle du Mouhoun,,BFA.1.4_1,Mouhoun,,BFA.1.4.1_1,Bondokuy,Bondokui|Bondoukui,,Département,Department,,BF.BO.MO.BO,1289.000000000000000,5139.000000000000000,3.986811481768813,0.340047561437697,1.296418518633456,5.041310916075835,64.257439690667226
BFA,Burkina Faso,BFA.1_1,Boucle du Mouhoun,,BFA.1.4_1,Mouhoun,,BFA.1.4.2_1,Dedougou,,,Département,Department,,BF.BO.MO.DE,1622.000000000000000,6504.000000000000000,4.009864364981504,0.187187922779809,1.110148645937443,5.339578265493566,38.877428705042057
BFA,Burkina Faso,BFA.1_1,Boucle du Mouhoun,,BFA.1.4_1,Mouhoun,,BFA.1.4.3_1,Douroula,,,Département,Department,,BF.BO.MO.DO,570.000000000000000,2187.000000000000000,3.836842105263158,0.079416608985733,0.671603462275337,4.965838193893433,33.827890171724206
BFA,Burkina Faso,BFA.1_1,Boucle du Mouhoun,,BFA.1.4_1,Mouhoun,,BFA.1.4.4_1,Kona,,,Département,Department,,BF.BO.MO.KO,729.000000000000000,3092.000000000000000,4.241426611796983,0.375772748887539,1.248702698945999,4.095743572711944,59.833798980712892
BFA,Burkina Faso,BFA.1_1,Boucle du Mouhoun,,BFA.1.4_1,Mouhoun,,BFA.1.4.5_1,Ouarkoye,,,Département,Department,,BF.BO.MO.OU,1276.000000000000000,4969.000000000000000,3.894200626959248,0.523404110787493,1.789079268773397,5.461272080739339,56.525498245701648
BFA,Burkina Faso,BFA.1_1,Boucle du Mouhoun,,BFA.1.4_1,Mouhoun,,BFA.1.4.6_1,Safane,,,Département,Department,,BF.BO.MO.SA,1179.000000000000000,5077.000000000000000,4.306191687871078,0.485944518446922,0.926971753438314,3.151856374740601,63.923102060953774
BFA,Burkina Faso,BFA.1_1,Boucle du Mouhoun,,BFA.1.4_1,Mouhoun,,BFA.1.4.7_1,Tchériba,Tcheriba,,Département,Department,,BF.BO.MO.TC,1572.000000000000000,6155.000000000000000,3.915394402035624,0.378015379377064,0.875011840036937,3.318853855133057,61.718926202683221
BFA,Burkina Faso,BFA.1_1,Boucle du Mouhoun,,BFA.1.5_1,Nayala,,BFA.1.5.1_1,Gassan,Gassan,,Département,Department,,BF.BO.NY.GA,1232.000000000000000,4561.000000000000000,3.702110389610390,0.038518407621554,0.359771099260875,4.374935810906546,26.324386378696985
BFA,Burkina Faso,BFA.1_1,Boucle du Mouhoun,,BFA.1.5_1,Nayala,,BFA.1.5.2_1,Gossina,,,Département,Department,,BF.BO.NY.GO,496.000000000000000,2003.000000000000000,4.038306451612903,0.247713555510228,0.674116618358172,2.886900406617385,50.674624809852013
BFA,Burkina Faso,BFA.1_1,Boucle du Mouhoun,,BFA.1.5_1,Nayala,,BFA.1.5.3_1,Kougny,,,Département,Department,,BF.BO.NY.KO,398.000000000000000,1497.000000000000000,3.761306532663316,0.039641144375006,0.279035498698552,3.853366573651632,35.357244014739990
BFA,Burkina Faso,BFA.1_1,Boucle du Mouhoun,,BFA.1.5_1,Nayala,,BFA.1.5.4_1,Toma,,,Département,Department,,BF.BO.NY.TO,523.000000000000000,2073.000000000000000,3.963671128107074,0.096122731055532,0.341586249215262,3.850058572632926,41.342527934483122
BFA,Burkina Faso,BFA.1_1,Boucle du Mouhoun,,BFA.1.5_1,Nayala,,BFA.1.5.5_1,Yaba,,,Département,Department,,BF.BO.NY.YA,891.000000000000000,3133.000000000000000,3.516273849607183,0.047762027511803,0.288648172066762,3.733109295368195,33.762790973369889
BFA,Burkina Faso,BFA.1_1,Boucle du Mouhoun,,BFA.1.5_1,Nayala,,BFA.1.5.6_1,Ye,,,Département,Department,,BF.BO.NY.YE,918.000000000000000,3615.000000000000000,3.937908496732026,0.190873925536871,0.561194114089012,3.591740617752075,45.080569915771484
BFA,Burkina Faso,BFA.1_1,Boucle du Mouhoun,,BFA.1.6_1,Sourou,,BFA.1.6.1_1,Di,,,Département,Department,,BF.BO.SR.DI,347.000000000000000,1251.000000000000000,3.605187319884726,0.065328032813138,0.216980083121194,1.644443856345283,12.211847199334038
BFA,Burkina Faso,BFA.1_1,Boucle du Mouhoun,,BFA.1.6_1,Sourou,,BFA.1.6.2_1,Gomboro,,,Département,Department,,BF.BO.SR.GO,584.000000000000000,1848.000000000000000,3.164383561643836,0.025836010579951,0.189462237060070,1.292195789515972,11.213219285011292
BFA,Burkina Faso,BFA.1_1,Boucle du Mouhoun,,BFA.1.6_1,Sourou,,BFA.1.6.3_1,Kassoum,,,Département,Department,,BF.BO.SR.KA,824.000000000000000,3234.000000000000000,3.924757281553398,0.046897731640417,0.118849798065165,1.863350857859073,16.394687776980192
BFA,Burkina Faso,BFA.1_1,Boucle du Mouhoun,,BFA.1.6_1,Sourou,,BFA.1.6.4_1,Kiembara,,,Département,Department,,BF.BO.SR.KI,893.000000000000000,2840.000000000000000,3.180291153415454,0.034122296376154,0.178879989000658,2.276674389839172,15.180991967519125
BFA,Burkina Faso,BFA.1_1,Boucle du Mouhoun,,BFA.1.6_1,Sourou,,BFA.1.6.5_1,Lanfièra,Lanfiera,,Département,Department,,BF.BO.SR.LF,339.000000000000000,1251.000000000000000,3.690265486725664,0.044181101256981,0.257836893200874,4.424462050199509,15.634489774703979
BFA,Burkina Faso,BFA.1_1,Boucle du Mouhoun,,BFA.1.6_1,Sourou,,BFA.1.6.6_1,Lankouè,Lankoue,,Département,Department,,BF.BO.SR.LK,348.000000000000000,1108.000000000000000,3.183908045977012,0.032279346138239,0.233233435587449,3.026623487472534,18.400376493280586
BFA,Burkina Faso,BFA.1_1,Boucle du Mouhoun,,BFA.1.6_1,Sourou,,BFA.1.6.7_1,Toeni,,,Département,Department,,BF.BO.SR.TN,1795.000000000000000,6130.000000000000000,3.415041782729805,0.039377573877573,0.175912845491742,0.671805889035265,8.726131488879522
BFA,Burkina Faso,BFA.1_1,Boucle du Mouhoun,,BFA.1.6_1,Sourou,,BFA.1.6.8_1,Tougan,,,Département,Department,,BF.BO.SR.TG,2108.000000000000000,7467.000000000000000,3.542220113851992,0.040883300215250,0.182412915908899,2.894626066332958,22.855311221763735
BFA,Burkina Faso,BFA.2_1,Cascades,,BFA.2.1_1,Comoé,,BFA.2.1.1_1,Banfora,,,Département,Department,,BF.CD.KM.BA,1114.000000000000000,5885.000000000000000,5.282764811490126,0.806406557046134,3.223052855195670,16.075092315673828,119.372950849861937
BFA,Burkina Faso,BFA.2_1,Cascades,,BFA.2.1_1,Comoé,,BFA.2.1.2_1,Beregadougou,,,Département,Department,,BF.CD.KM.BE,336.000000000000000,1677.000000000000000,4.991071428571429,0.307074921205640,2.056940346956253,13.711735844612122,103.364278793334961
BFA,Burkina Faso,BFA.2_1,Cascades,,BFA.2.1_1,Comoé,,BFA.2.1.3_1,Mangodara,,,Département,Department,,BF.CD.KM.MA,3046.000000000000000,12201.000000000000000,4.005581089954038,1.402449365027926,3.425255469300530,27.219190229069103,126.782467321916059
BFA,Burkina Faso,BFA.2_1,Cascades,,BFA.2.1_1,Comoé,,BFA.2.1.4_1,Moussodougou,,,Département,Department,,BF.CD.KM.MO,359.000000000000000,1668.000000000000000,4.646239554317549,0.249702138560159,1.774307744843619,13.507560048784528,100.649873461042134
BFA,Burkina Faso,BFA.2_1,Cascades,,BFA.2.1_1,Comoé,,BFA.2.1.5_1,Niangoloko,Niangologo,,Département,Department,,BF.CD.KM.NI,3357.000000000000000,14082.000000000000000,4.194816800714924,1.657448868830125,3.118398579922351,25.560899336259443,123.541914887480687
BFA,Burkina Faso,BFA.2_1,Cascades,,BFA.2.1_1,Comoé,,BFA.2.1.6_1,Ouo,,,Département,Department,,BF.CD.KM.OU,3236.000000000000000,15720.000000000000000,4.857849196538937,1.255799879747278,2.565608749670141,21.678204255945541,109.507802626665907
BFA,Burkina Faso,BFA.2_1,Cascades,,BFA.2.1_1,Comoé,,BFA.2.1.7_1,Sidéradougou,Sideradougou,,Département,Department,,BF.CD.KM.SI,4601.000000000000000,20082.000000000000000,4.364703325364052,1.441406327908433,2.735028770026259,18.488480139905075,120.992756400521344
BFA,Burkina Faso,BFA.2_1,Cascades,,BFA.2.1_1,Comoé,,BFA.2.1.8_1,Soubakaniédougou,,,Département,Department,,BF.CD.KM.SO,1034.000000000000000,4232.000000000000000,4.092843326885880,1.201305333910317,3.357826800181948,19.782985161090718,137.061916745942227
BFA,Burkina Faso,BFA.2_1,Cascades,,BFA.2.1_1,Comoé,,BFA.2.1.9_1,Tiéfora,Tiefora,,Département,Department,,BF.CD.KM.TI,1292.000000000000000,6411.000000000000000,4.962074303405573,0.762612125983364,2.853621965960452,14.797598688225998,115.967346994500417
BFA,Burkina Faso,BFA.2_1,Cascades,,BFA.2.2_1,Léraba,,BFA.2.2.1_1,Dakoro,,,Département,Department,,BF.CD.LE.DA,489.000000000000000,2350.000000000000000,4.805725971370143,1.686035247949454,3.180206005389874,18.753726519071140,130.493841317983765
BFA,Burkina Faso,BFA.2_1,Cascades,,BFA.2.2_1,Léraba,,BFA.2.2.2_1,Douna,,,Département,Department,,BF.CD.LE.DO,209.000000000000000,931.000000000000000,4.454545454545454,1.038585146268209,3.023335854212443,16.522007306416828,116.416739145914718
BFA,Burkina Faso,BFA.2_1,Cascades,,BFA.2.2_1,Léraba,,BFA.2.2.3_1,Kankalaba,,,Département,Department,,BF.CD.LE.KA,373.000000000000000,1587.000000000000000,4.254691689008043,1.171122471491496,2.092666069666544,13.603961732652452,104.512017991807724
BFA,Burkina Faso,BFA.2_1,Cascades,,BFA.2.2_1,Léraba,,BFA.2.2.4_1,Loumana,,,Département,Department,,BF.CD.LE.LO,520.000000000000000,2167.000000000000000,4.167307692307692,3.242997424943106,2.248195946216583,14.610918521881104,109.451995304652627
BFA,Burkina Faso,BFA.2_1,Cascades,,BFA.2.2_1,Léraba,,BFA.2.2.5_1,Niankorodougou,,,Département,Department,,BF.CD.LE.NI,782.000000000000000,4132.000000000000000,5.283887468030691,3.073381265004476,3.063564175651187,18.031185649690173,125.209224882579989
BFA,Burkina Faso,BFA.2_1,Cascades,,BFA.2.2_1,Léraba,,BFA.2.2.6_1,Oueleni,Oueleni,,Département,Department,,BF.CD.LE.OU,541.000000000000000,2224.000000000000000,4.110905730129390,0.785349477082491,2.214842766523361,12.995683968067169,103.073187351226807
BFA,Burkina Faso,BFA.2_1,Cascades,,BFA.2.2_1,Léraba,,BFA.2.2.7_1,Sindou,,,Département,Department,,BF.CD.LE.SI,480.000000000000000,2070.000000000000000,4.312500000000000,1.139079350233078,2.904687349001567,16.456405830383300,110.319710795084632
BFA,Burkina Faso,BFA.2_1,Cascades,,BFA.2.2_1,Léraba,,BFA.2.2.8_1,Wolonkoto,Wolokonto,,Département,Department,,BF.CD.LE.WO,302.000000000000000,1395.000000000000000,4.619205298013245,0.343942191451788,2.189963936805725,15.565342068672180,109.837758064270020
BFA,Burkina Faso,BFA.7_1,Centre,,BFA.7.1_1,Kadiogo,,BFA.7.1.1_1,Komki-Ipala,Komki Ipala,,Département,Department,,BF.CT.KA.KI,265.000000000000000,1162.000000000000000,4.384905660377359,0.072736698601927,1.075440483433860,3.320899929319109,69.889790126255576
BFA,Burkina Faso,BFA.7_1,Centre,,BFA.7.1_1,Kadiogo,,BFA.7.1.2_1,Komsilga,,,Département,Department,,BF.CT.KA.KS,379.000000000000000,1950.000000000000000,5.145118733509235,0.072241595522924,0.805735094980760,2.534970370205966,76.893860556862577
BFA,Burkina Faso,BFA.7_1,Centre,,BFA.7.1_1,Kadiogo,,BFA.7.1.3_1,Koubri,,,Département,Department,,BF.CT.KA.KB,765.000000000000000,2754.000000000000000,3.600000000000000,0.264287431773386,1.012811328235425,2.845660598654496,66.721796738473998
BFA,Burkina Faso,BFA.7_1,Centre,,BFA.7.1_1,Kadiogo,,BFA.7.1.4_1,Ouagadougou,Ouagadougou,,Département,Department,,BF.CT.KA.OU,619.000000000000000,18296.000000000000000,29.557350565428109,0.094961332622916,0.850958500057459,2.270856514573097,71.409914493560791
BFA,Burkina Faso,BFA.7_1,Centre,,BFA.7.1_1,Kadiogo,,BFA.7.1.5_1,Pabre,,,Département,Department,,BF.CT.KA.PA,487.000000000000000,1921.000000000000000,3.944558521560575,0.062461433215783,0.758093540485089,2.204824300912710,62.500353886530952
BFA,Burkina Faso,BFA.7_1,Centre,,BFA.7.1_1,Kadiogo,,BFA.7.1.6_1,Saaba,,,Département,Department,,BF.CT.KA.SA,537.000000000000000,2639.000000000000000,4.914338919925513,0.054347037885557,0.588904730537358,2.494205215398003,70.595270044663380
BFA,Burkina Faso,BFA.7_1,Centre,,BFA.7.1_1,Kadiogo,,BFA.7.1.7_1,Tanghin-Dassouri,Tanghin Dassouri,,Département,Department,,BF.CT.KA.TD,381.000000000000000,1728.000000000000000,4.535433070866142,0.078098959543488,1.199447675184770,2.646136804060502,70.016983032226562
BFA,Burkina Faso,BFA.3_1,Centre-Est,,BFA.3.1_1,Boulgou,,BFA.3.1.1_1,Bagre,,,Département,Department,,BF.CE.BL.BR,678.000000000000000,2456.000000000000000,3.622418879056047,0.871785190133821,2.827992405210222,5.669988337017241,79.318587530226935
BFA,Burkina Faso,BFA.3_1,Centre-Est,,BFA.3.1_1,Boulgou,,BFA.3.1.2_1,Bane,,,Département,Department,,BF.CE.BL.BN,539.000000000000000,1861.000000000000000,3.452690166975881,0.464995647852237,1.783216623159555,4.827184823843149,73.943173922025238
BFA,Burkina Faso,BFA.3_1,Centre-Est,,BFA.3.1_1,Boulgou,,BFA.3.1.3_1,Beguedo,,,Département,Department,,BF.CE.BL.BD,41.000000000000000,137.000000000000000,3.341463414634146,0.774140954017639,1.790990769863129,4.637537956237793,61.573085784912109
BFA,Burkina Faso,BFA.3_1,Centre-Est,,BFA.3.1_1,Boulgou,,BFA.3.1.4_1,Bissiga,,,Département,Department,,BF.CE.BL.BS,318.000000000000000,1002.000000000000000,3.150943396226415,0.153831438720226,1.459240865707397,4.271770572662353,71.377596282958990
BFA,Burkina Faso,BFA.3_1,Centre-Est,,BFA.3.1_1,Boulgou,,BFA.3.1.5_1,Bittou,,,Département,Department,,BF.CE.BL.BT,1598.000000000000000,6573.000000000000000,4.113266583229036,0.536102117801254,1.610595020380887,5.205192072824999,75.076052579012782
BFA,Burkina Faso,BFA.3_1,Centre-Est,,BFA.3.1_1,Boulgou,,BFA.3.1.6_1,Boussouma,,,Département,Department,,BF.CE.BL.BM,457.000000000000000,1497.000000000000000,3.275711159737418,0.884314969182014,2.600168605645498,5.530659278233846,73.653249422709152
BFA,Burkina Faso,BFA.3_1,Centre-Est,,BFA.3.1_1,Boulgou,,BFA.3.1.7_1,Garango,,,Département,Department,,BF.CE.BL.GA,529.000000000000000,1761.000000000000000,3.328922495274102,0.589391648769379,2.014867273966471,5.602475738525390,61.861605834960940
BFA,Burkina Faso,BFA.3_1,Centre-Est,,BFA.3.1_1,Boulgou,,BFA.3.1.8_1,Komtoega,,,Département,Department,,BF.CE.BL.KO,241.000000000000000,757.000000000000000,3.141078838174274,0.542100540229252,1.846056137766157,5.379381997244699,60.724739619663787
BFA,Burkina Faso,BFA.3_1,Centre-Est,,BFA.3.1_1,Boulgou,,BFA.3.1.9_1,Niaogho,Niagho|Niago,,Département,Department,,BF.CE.BL.NI,341.000000000000000,1043.000000000000000,3.058651026392962,0.753064173460007,1.646489095687866,4.416929864883423,69.822330856323248
BFA,Burkina Faso,BFA.3_1,Centre-Est,,BFA.3.1_1,Boulgou,,BFA.3.1.10_1,Tenkodogo,,,Département,Department,,BF.CE.BL.TE,1374.000000000000000,4864.000000000000000,3.540029112081514,0.422669731864804,1.794771944221697,4.815412941731904,66.608009539152448
BFA,Burkina Faso,BFA.3_1,Centre-Est,,BFA.3.1_1,Boulgou,,BFA.3.1.11_1,Zabré,,,Département,Department,,BF.CE.BL.ZB,1067.000000000000000,5311.000000000000000,4.977507029053421,0.897707099467516,1.796648116906484,5.381828737258911,88.939585113525396
BFA,Burkina Faso,BFA.3_1,Centre-Est,,BFA.3.1_1,Boulgou,,BFA.3.1.12_1,Zoaga,,,Département,Department,,BF.CE.BL.ZG,309.000000000000000,1549.000000000000000,5.012944983818771,0.922646515071392,1.607888489961624,6.122458875179291,91.703755378723145
BFA,Burkina Faso,BFA.3_1,Centre-Est,,BFA.3.1_1,Boulgou,,BFA.3.1.13_1,Zonsé,,,Département,Department,,BF.CE.BL.ZN,289.000000000000000,1180.000000000000000,4.083044982698962,0.600264936685562,2.480183362960815,5.352041448865618,83.797496250697549
BFA,Burkina Faso,BFA.3_1,Centre-Est,,BFA.3.2_1,Koulpélogo,,BFA.3.2.1_1,Comin-Yanga,Komin Yanga,,Département,Department,,BF.CE.KL.CY,943.000000000000000,3040.000000000000000,3.223753976670201,0.122421939458166,1.385663349713598,4.088892255510602,56.796272141592844
BFA,Burkina Faso,BFA.3_1,Centre-Est,,BFA.3.2_1,Koulpélogo,,BFA.3.2.2_1,Dourtenga,,,Département,Department,,BF.CE.KL.DO,123.000000000000000,406.000000000000000,3.300813008130081,0.104579567909241,1.274148225784302,3.635316801071167,68.244880676269531
BFA,Burkina Faso,BFA.3_1,Centre-Est,,BFA.3.2_1,Koulpélogo,,BFA.3.2.3_1,Lalgaye,,,Département,Department,,BF.CE.KL.LA,788.000000000000000,2540.000000000000000,3.223350253807106,0.524849505587058,1.806038932366805,4.631174661896446,68.929207888516515
BFA,Burkina Faso,BFA.3_1,Centre-Est,,BFA.3.2_1,Koulpélogo,,BFA.3.2.4_1,Ouargaye,,,Département,Department,,BF.CE.KL.OU,413.000000000000000,1415.000000000000000,3.426150121065375,0.301434066146612,1.478501220544179,3.778440753618876,66.364263216654464
BFA,Burkina Faso,BFA.3_1,Centre-Est,,BFA.3.2_1,Koulpélogo,,BFA.3.2.5_1,Sangha,,,Département,Department,,BF.CE.KL.SA,534.000000000000000,1994.000000000000000,3.734082397003745,0.464047101490638,1.798408080549801,6.279497342951157,68.270145865047681
BFA,Burkina Faso,BFA.3_1,Centre-Est,,BFA.3.2_1,Koulpélogo,,BFA.3.2.6_1,Soudougui,,,Département,Department,,BF.CE.KL.SO,2324.000000000000000,8826.000000000000000,3.797762478485370,0.321052539973490,1.402856107681028,6.112662907569639,57.450211863363940
BFA,Burkina Faso,BFA.3_1,Centre-Est,,BFA.3.2_1,Koulpélogo,,BFA.3.2.7_1,Yargatenga,,,Département,Department,,BF.CE.KL.YA,524.000000000000000,1939.000000000000000,3.700381679389313,0.387589569203556,1.471914567053318,4.381709769368172,68.041241168975830
BFA,Burkina Faso,BFA.3_1,Centre-Est,,BFA.3.2_1,Koulpélogo,,BFA.3.2.8_1,Yondé,,,Département,Department,,BF.CE.KL.YO,756.000000000000000,2515.000000000000000,3.326719576719577,0.324980342074444,1.657430629981192,4.437923983523720,61.053938213147617
BFA,Burkina Faso,BFA.3_1,Centre-Est,,BFA.3.3_1,Kouritenga,,BFA.3.3.1_1,Andemtenga,,,Département,Department,,BF.CE.KR.AN,847.000000000000000,2613.000000000000000,3.085005903187721,0.173034967611665,0.936823769755985,3.343118066373079,48.073174020518429
BFA,Burkina Faso,BFA.3_1,Centre-Est,,BFA.3.3_1,Kouritenga,,BFA.3.3.2_1,Baskouré,,,Département,Department,,BF.CE.KR.BA,83.000000000000000,262.000000000000000,3.156626506024097,0.074482668191195,1.066107630729675,3.999602079391479,60.090055465698242
BFA,Burkina Faso,BFA.3_1,Centre-Est,,BFA.3.3_1,Kouritenga,,BFA.3.3.3_1,Dialgaye,,,Département,Department,,BF.CE.KR.DI,451.000000000000000,1530.000000000000000,3.392461197339246,0.143018132792069,1.275633390133198,5.641715233142559,56.009648543137772
BFA,Burkina Faso,BFA.3_1,Centre-Est,,BFA.3.3_1,Kouritenga,,BFA.3.3.4_1,Gounghin,Gaughin|Goughin,,Département,Department,,BF.CE.KR.GO,499.000000000000000,1597.000000000000000,3.200400801603207,0.122352291614963,1.250639007641719,4.233052070324238,61.470692267784706
BFA,Burkina Faso,BFA.3_1,Centre-Est,,BFA.3.3_1,Kouritenga,,BFA.3.3.5_1,Kando,,,Département,Department,,BF.CE.KR.KA,394.000000000000000,1212.000000000000000,3.076142131979696,0.223370367517838,1.141894349685082,3.354681821969839,42.836285224327675
BFA,Burkina Faso,BFA.3_1,Centre-Est,,BFA.3.3_1,Kouritenga,,BFA.3.3.6_1,Koupéla,,,Département,Department,,BF.CE.KR.KO,403.000000000000000,1518.000000000000000,3.766749379652605,0.079009215657910,0.833043272296588,4.291718681653340,53.755022684733071
BFA,Burkina Faso,BFA.3_1,Centre-Est,,BFA.3.3_1,Kouritenga,,BFA.3.3.7_1,Pouytenga,,,Département,Department,,BF.CE.KR.PO,211.000000000000000,1043.000000000000000,4.943127962085308,0.100277493894100,0.852383947372437,3.896818161010742,52.412306213378905
BFA,Burkina Faso,BFA.3_1,Centre-Est,,BFA.3.3_1,Kouritenga,,BFA.3.3.8_1,Tensobentenga,Tensobtenga|Tensobentenga,,Département,Department,,BF.CE.KR.TA,323.000000000000000,1076.000000000000000,3.331269349845201,0.135716729797423,1.455771014094353,4.774893879890442,62.384016513824463
BFA,Burkina Faso,BFA.3_1,Centre-Est,,BFA.3.3_1,Kouritenga,,BFA.3.3.9_1,Yargo,,,Département,Department,,BF.CE.KR.YA,138.000000000000000,460.000000000000000,3.333333333333333,0.076413902143637,1.060678402582804,4.211757977803548,60.028299967447914
BFA,Burkina Faso,BFA.4_1,Centre-Nord,,BFA.4.1_1,Bam,,BFA.4.1.1_1,Bourzanga,,,Département,Department,,BF.CN.BM.BO,1287.000000000000000,3866.000000000000000,3.003885003885004,0.962992369300789,0.058726799881293,0.775329679250717,12.269757562213474
BFA,Burkina Faso,BFA.4_1,Centre-Nord,,BFA.4.1_1,Bam,,BFA.4.1.2_1,Guibare,,,Département,Department,,BF.CN.BM.GU,312.000000000000000,949.000000000000000,3.041666666666667,0.104323268764549,0.310995807250341,2.830941571129693,27.436189227634006
BFA,Burkina Faso,BFA.4_1,Centre-Nord,,BFA.4.1_1,Bam,,BFA.4.1.3_1,Kongoussi,,,Département,Department,,BF.CN.BM.KO,785.000000000000000,2545.000000000000000,3.242038216560510,0.125871959390890,0.117246701297435,2.053544543006204,23.720905910838734
BFA,Burkina Faso,BFA.4_1,Centre-Nord,,BFA.4.1_1,Bam,,BFA.4.1.4_1,Nassere,,,Département,Department,,BF.CN.BM.NA,153.000000000000000,459.000000000000000,3.000000000000000,0.008213898516260,0.084106320515275,1.868138074874878,26.820527553558350
BFA,Burkina Faso,BFA.4_1,Centre-Nord,,BFA.4.1_1,Bam,,BFA.4.1.5_1,Rollo,,,Département,Department,,BF.CN.BM.RL,678.000000000000000,2035.000000000000000,3.001474926253688,0.477145605534315,0.076999006420374,1.216520717740059,16.243827581405640
BFA,Burkina Faso,BFA.4_1,Centre-Nord,,BFA.4.1_1,Bam,,BFA.4.1.6_1,Rouko,,,Département,Department,,BF.CN.BM.RK,151.000000000000000,449.000000000000000,2.973509933774834,0.022007189225405,0.239611431956291,2.794289290904999,22.615662574768066
BFA,Burkina Faso,BFA.4_1,Centre-Nord,,BFA.4.1_1,Bam,,BFA.4.1.7_1,Sabce,,,Département,Department,,BF.CN.BM.SA,402.000000000000000,1214.000000000000000,3.019900497512438,0.014186451780713,0.124357390734884,2.436270925733778,29.834040535820854
BFA,Burkina Faso,BFA.4_1,Centre-Nord,,BFA.4.1_1,Bam,,BFA.4.1.8_1,Tikare,,,Département,Department,,BF.CN.BM.TI,473.000000000000000,1418.000000000000000,2.997885835095138,0.027602659395108,0.246982347506743,2.106331174190228,24.115592222947342
BFA,Burkina Faso,BFA.4_1,Centre-Nord,,BFA.4.1_1,Bam,,BFA.4.1.9_1,Zimtenga,,,Département,Department,,BF.CN.BM.ZI,578.000000000000000,1734.000000000000000,3.000000000000000,0.440624129696516,0.111845807405189,1.722209613770247,20.597730755805969
BFA,Burkina Faso,BFA.4_1,Centre-Nord,,BFA.4.2_1,Namentenga,,BFA.4.2.1_1,Boala,,,Département,Department,,BF.CN.NM.BA,461.000000000000000,1382.000000000000000,2.997830802603037,0.090460658646547,0.643223569943355,2.361394231136029,30.293021275446964
BFA,Burkina Faso,BFA.4_1,Centre-Nord,,BFA.4.2_1,Namentenga,,BFA.4.2.2_1,Boulsa,,,Département,Department,,BF.CN.NM.BS,1396.000000000000000,4400.000000000000000,3.151862464183381,0.080630254098459,0.775293209050831,2.397402628471977,36.052167992842826
BFA,Burkina Faso,BFA.4_1,Centre-Nord,,BFA.4.2_1,Namentenga,,BFA.4.2.3_1,Bouroum,,,Département,Department,,BF.CN.NM.BR,1550.000000000000000,4649.000000000000000,2.999354838709678,0.006185265300870,0.070127363369489,1.169070504250981,7.352376409939358
BFA,Burkina Faso,BFA.4_1,Centre-Nord,,BFA.4.2_1,Namentenga,,BFA.4.2.4_1,Dargo,,,Département,Department,,BF.CN.NM.DA,682.000000000000000,2278.000000000000000,3.340175953079179,0.076595679753357,0.725133337908321,2.372563693258497,34.023967319064667
BFA,Burkina Faso,BFA.4_1,Centre-Nord,,BFA.4.2_1,Namentenga,,BFA.4.2.5_1,Nagbingou,,,Département,Department,,BF.CN.NM.NA,574.000000000000000,1726.000000000000000,3.006968641114983,0.003890328400687,0.081889871507883,1.336798157010760,6.658247266496931
BFA,Burkina Faso,BFA.4_1,Centre-Nord,,BFA.4.2_1,Namentenga,,BFA.4.2.6_1,Tougouri,,,Département,Department,,BF.CN.NM.TO,1851.000000000000000,5580.000000000000000,3.014586709886548,0.021857420070881,0.195965206608749,1.642116837776624,16.017643048213078
BFA,Burkina Faso,BFA.4_1,Centre-Nord,,BFA.4.2_1,Namentenga,,BFA.4.2.7_1,Yalgo,Yalogo,,Département,Department,,BF.CN.NM.YA,691.000000000000000,2423.000000000000000,3.506512301013025,0.008889869196028,0.131603417173028,2.131495213508606,7.218560957908631
BFA,Burkina Faso,BFA.4_1,Centre-Nord,,BFA.4.2_1,Namentenga,,BFA.4.2.8_1,Zeguedeguin,Zeguedeguen,,Département,Department,,BF.CN.NM.ZE,454.000000000000000,1378.000000000000000,3.035242290748899,0.069341223113812,0.576456466546425,2.147546447240389,23.802830035869892
BFA,Burkina Faso,BFA.4_1,Centre-Nord,,BFA.4.3_1,Sanmatenga,,BFA.4.3.1_1,Barsalogho,Barsalogo,,Département,Department,,BF.CN.ST.BA,2164.000000000000000,6501.000000000000000,3.004158964879852,0.043032656068582,0.129100212795755,1.540190091577627,12.206914408732269
BFA,Burkina Faso,BFA.4_1,Centre-Nord,,BFA.4.3_1,Sanmatenga,,BFA.4.3.2_1,Boussouma,,,Département,Department,,BF.CN.ST.BO,923.000000000000000,2940.000000000000000,3.185265438786566,0.021489721279052,0.237597670692664,1.649985164403915,34.740235035236068
BFA,Burkina Faso,BFA.4_1,Centre-Nord,,BFA.4.3_1,Sanmatenga,,BFA.4.3.3_1,Dablo,,,Département,Department,,BF.CN.ST.DA,644.000000000000000,1931.000000000000000,2.998447204968944,0.159022000928720,0.099302730419570,1.219443165593677,10.434753444459703
BFA,Burkina Faso,BFA.4_1,Centre-Nord,,BFA.4.3_1,Sanmatenga,,BFA.4.3.4_1,Kaya,,,Département,Department,,BF.CN.ST.KA,1092.000000000000000,3746.000000000000000,3.430402930402930,0.009321733062007,0.136167327873409,1.808449409902096,28.078567028045654
BFA,Burkina Faso,BFA.4_1,Centre-Nord,,BFA.4.3_1,Sanmatenga,,BFA.4.3.5_1,Korsimoro,,,Département,Department,,BF.CN.ST.KO,711.000000000000000,2216.000000000000000,3.116736990154712,0.051290753194027,0.534414660599497,1.417122496498956,38.844088872273765
BFA,Burkina Faso,BFA.4_1,Centre-Nord,,BFA.4.3_1,Sanmatenga,,BFA.4.3.6_1,Mane,,,Département,Department,,BF.CN.ST.MA,875.000000000000000,2705.000000000000000,3.091428571428572,0.047001671601230,0.409006908535957,1.899153085855337,38.172083634596603
BFA,Burkina Faso,BFA.4_1,Centre-Nord,,BFA.4.3_1,Sanmatenga,,BFA.4.3.7_1,Namissiguima,,,Département,Department,,BF.CN.ST.NA,495.000000000000000,1482.000000000000000,2.993939393939394,0.075723225184317,0.104641845449805,1.659962113414492,20.752833162035262
BFA,Burkina Faso,BFA.4_1,Centre-Nord,,BFA.4.3_1,Sanmatenga,,BFA.4.3.8_1,Pensa,,,Département,Department,,BF.CN.ST.PN,1139.000000000000000,3417.000000000000000,3.000000000000000,0.013743637016575,0.080736580703940,1.223921008620943,7.353706039701190
BFA,Burkina Faso,BFA.4_1,Centre-Nord,,BFA.4.3_1,Sanmatenga,,BFA.4.3.9_1,Pibaore,,,Département,Department,,BF.CN.ST.PB,512.000000000000000,1542.000000000000000,3.011718750000000,0.051155065401242,0.564838505708254,1.988923311233521,36.378849029541016
BFA,Burkina Faso,BFA.4_1,Centre-Nord,,BFA.4.3_1,Sanmatenga,,BFA.4.3.10_1,Pissila,,,Département,Department,,BF.CN.ST.PL,1874.000000000000000,5648.000000000000000,3.013874066168623,0.041986251322954,0.343204549714631,2.253825671532575,19.522018077326756
BFA,Burkina Faso,BFA.4_1,Centre-Nord,,BFA.4.3_1,Sanmatenga,,BFA.4.3.11_1,Ziga,,,Département,Department,,BF.CN.ST.ZI,720.000000000000000,2190.000000000000000,3.041666666666667,0.047685328312218,0.549081674218178,1.789879548549652,38.999347496032712
BFA,Burkina Faso,BFA.5_1,Centre-Ouest,,BFA.5.1_1,Boulkiemdé,,BFA.5.1.1_1,Bingo,,,Département,Department,,BF.CO.BK.BI,300.000000000000000,1198.000000000000000,3.993333333333333,0.122118723578751,0.996666885912418,2.592741101980209,68.359635353088379
BFA,Burkina Faso,BFA.5_1,Centre-Ouest,,BFA.5.1_1,Boulkiemdé,,BFA.5.1.2_1,Imasgho,Imasgho,,Département,Department,,BF.CO.BK.IM,256.000000000000000,964.000000000000000,3.765625000000000,0.577591734273093,0.745398691722325,4.219999517713275,66.555339268275674
BFA,Burkina Faso,BFA.5_1,Centre-Ouest,,BFA.5.1_1,Boulkiemdé,,BFA.5.1.3_1,Kindi,,,Département,Department,,BF.CO.BK.KI,312.000000000000000,1064.000000000000000,3.410256410256410,0.127042464911938,0.689371153712273,3.690884470939636,60.383826732635498
BFA,Burkina Faso,BFA.5_1,Centre-Ouest,,BFA.5.1_1,Boulkiemdé,,BFA.5.1.4_1,Kokologho,,,Département,Department,,BF.CO.BK.KL,351.000000000000000,1481.000000000000000,4.219373219373219,0.116625159564945,0.955090913507674,3.245340824127197,72.987934536404083
BFA,Burkina Faso,BFA.5_1,Centre-Ouest,,BFA.5.1_1,Boulkiemdé,,BFA.5.1.5_1,Koudougou,,,Département,Department,,BF.CO.BK.KD,697.000000000000000,3679.000000000000000,5.278335724533716,0.672376220163546,0.941676381387209,4.373835940110056,72.040860025506277
BFA,Burkina Faso,BFA.5_1,Centre-Ouest,,BFA.5.1_1,Boulkiemdé,,BFA.5.1.6_1,Nandiala,,,Département,Department,,BF.CO.BK.NI,260.000000000000000,893.000000000000000,3.434615384615384,0.273099703714252,0.785603113472462,3.400031894445419,67.722792625427246
BFA,Burkina Faso,BFA.5_1,Centre-Ouest,,BFA.5.1_1,Boulkiemdé,,BFA.5.1.7_1,Nanoro,,,Département,Department,,BF.CO.BK.NA,416.000000000000000,1337.000000000000000,3.213942307692307,0.139862566565474,0.722997310260932,4.049115995566051,43.275634447733559
BFA,Burkina Faso,BFA.5_1,Centre-Ouest,,BFA.5.1_1,Boulkiemdé,,BFA.5.1.8_1,Pella,,,Département,Department,,BF.CO.BK.PE,249.000000000000000,767.000000000000000,3.080321285140562,0.075606051087379,0.591467797756195,3.775881624221802,54.785041809082031
BFA,Burkina Faso,BFA.5_1,Centre-Ouest,,BFA.5.1_1,Boulkiemdé,,BFA.5.1.9_1,Poa,,,Département,Department,,BF.CO.BK.PO,279.000000000000000,969.000000000000000,3.473118279569892,0.163531815367086,0.962724872997829,3.202734061649867,76.273463657924111
BFA,Burkina Faso,BFA.5_1,Centre-Ouest,,BFA.5.1_1,Boulkiemdé,,BFA.5.1.10_1,Ramongo,,,Département,Department,,BF.CO.BK.RA,199.000000000000000,708.000000000000000,3.557788944723618,0.344022912638528,0.977921835013798,4.429600919995989,76.488243103027344
BFA,Burkina Faso,BFA.5_1,Centre-Ouest,,BFA.5.1_1,Boulkiemdé,,BFA.5.1.11_1,Sabou,,,Département,Department,,BF.CO.BK.SB,545.000000000000000,2213.000000000000000,4.060550458715596,0.336310166333403,1.120553140129362,4.114406330244882,81.676302773611880
BFA,Burkina Faso,BFA.5_1,Centre-Ouest,,BFA.5.1_1,Boulkiemdé,,BFA.5.1.12_1,Sigle,,,Département,Department,,BF.CO.BK.SL,353.000000000000000,1209.000000000000000,3.424929178470255,0.048039746657014,0.655444991588592,3.129495429992676,58.732344055175780
BFA,Burkina Faso,BFA.5_1,Centre-Ouest,,BFA.5.1_1,Boulkiemdé,,BFA.5.1.13_1,Soaw,,,Département,Department,,BF.CO.BK.SW,223.000000000000000,741.000000000000000,3.322869955156951,0.222981723025441,0.703870229423046,4.462530195713043,55.953413963317871
BFA,Burkina Faso,BFA.5_1,Centre-Ouest,,BFA.5.1_1,Boulkiemdé,,BFA.5.1.14_1,Sourgou,,,Département,Department,,BF.CO.BK.SR,318.000000000000000,1352.000000000000000,4.251572327044025,0.537840869691637,1.107348110940721,4.178087102042304,82.596764458550354
BFA,Burkina Faso,BFA.5_1,Centre-Ouest,,BFA.5.1_1,Boulkiemdé,,BFA.5.1.15_1,Thyou,Thyou,,Département,Department,,BF.CO.BK.TH,347.000000000000000,1426.000000000000000,4.109510086455331,0.193147154897451,1.023643743991852,4.300090122222900,89.667975616455081
BFA,Burkina Faso,BFA.5_1,Centre-Ouest,,BFA.5.2_1,Sanguié,,BFA.5.2.1_1,Dassa,,,Département,Department,,BF.CO.SG.DA,292.000000000000000,1310.000000000000000,4.486301369863014,0.379424330261019,0.949472579691145,3.343469487296210,60.067431979709198
BFA,Burkina Faso,BFA.5_1,Centre-Ouest,,BFA.5.2_1,Sanguié,,BFA.5.2.2_1,Didyr,Didyr,,Département,Department,,BF.CO.SG.DI,759.000000000000000,2843.000000000000000,3.745718050065876,0.224516523256898,0.993004214763641,3.024955976009369,50.781468009948732
BFA,Burkina Faso,BFA.5_1,Centre-Ouest,,BFA.5.2_1,Sanguié,,BFA.5.2.3_1,Godyr,Godyr|Godin|Godyir,,Département,Department,,BF.CO.SG.GO,297.000000000000000,955.000000000000000,3.215488215488215,0.147648145444691,0.558514341711998,1.942327812314034,38.364703655242920
BFA,Burkina Faso,BFA.5_1,Centre-Ouest,,BFA.5.2_1,Sanguié,,BFA.5.2.4_1,Kordie,,,Département,Department,,BF.CO.SG.KO,544.000000000000000,2104.000000000000000,3.867647058823529,0.351179577906926,0.611831665039062,4.140821568171183,51.863398234049477
BFA,Burkina Faso,BFA.5_1,Centre-Ouest,,BFA.5.2_1,Sanguié,,BFA.5.2.5_1,Kyon,Khyon|Kyon,,Département,Department,,BF.CO.SG.KY,230.000000000000000,943.000000000000000,4.100000000000000,0.587170852082116,0.948462077549526,4.048407486506870,67.143826075962608
BFA,Burkina Faso,BFA.5_1,Centre-Ouest,,BFA.5.2_1,Sanguié,,BFA.5.2.6_1,Pouni,,,Département,Department,,BF.CO.SG.PO,802.000000000000000,3441.000000000000000,4.290523690773068,0.348715376447548,0.865681954405525,3.740151979706504,80.757922432639376
BFA,Burkina Faso,BFA.5_1,Centre-Ouest,,BFA.5.2_1,Sanguié,,BFA.5.2.7_1,Réo,,,Département,Department,,BF.CO.SG.RE,511.000000000000000,2374.000000000000000,4.645792563600783,0.623411252101262,0.810857538382212,3.672821871439616,66.638820902506509
BFA,Burkina Faso,BFA.5_1,Centre-Ouest,,BFA.5.2_1,Sanguié,,BFA.5.2.8_1,Tenado,,,Département,Department,,BF.CO.SG.TE,1081.000000000000000,4411.000000000000000,4.080481036077706,0.819740731140663,1.203705353983517,3.726503273536419,67.384637503788383
BFA,Burkina Faso,BFA.5_1,Centre-Ouest,,BFA.5.2_1,Sanguié,,BFA.5.2.9_1,Zamo,,,Département,Department,,BF.CO.SG.ZM,790.000000000000000,3236.000000000000000,4.096202531645569,0.559070814739574,1.088306272571737,3.184938474134965,75.688055905428797
BFA,Burkina Faso,BFA.5_1,Centre-Ouest,,BFA.5.2_1,Sanguié,,BFA.5.2.10_1,Zawara,,,Département,Department,,BF.CO.SG.ZW,809.000000000000000,3150.000000000000000,3.893695920889988,0.322735554115339,0.950488827445290,3.331196156415072,83.709273251620203
BFA,Burkina Faso,BFA.5_1,Centre-Ouest,,BFA.5.3_1,Sissili,,BFA.5.3.1_1,Bieha,,,Département,Department,,BF.CO.SS.BI,2081.000000000000000,7996.000000000000000,3.842383469485824,0.418513959851758,1.785290872228557,9.660786612280484,108.976095659979464
BFA,Burkina Faso,BFA.5_1,Centre-Ouest,,BFA.5.3_1,Sissili,,BFA.5.3.2_1,Boura,,,Département,Department,,BF.CO.SS.BO,1364.000000000000000,5477.000000000000000,4.015395894428153,0.441722282932864,1.863789839877023,8.737249758508471,101.150874667697479
BFA,Burkina Faso,BFA.5_1,Centre-Ouest,,BFA.5.3_1,Sissili,,BFA.5.3.3_1,Leo,,,Département,Department,,BF.CO.SS.LE,1171.000000000000000,5195.000000000000000,4.436379163108454,0.531525982277734,1.644746018307550,10.971845047814506,105.059928076607846
BFA,Burkina Faso,BFA.5_1,Centre-Ouest,,BFA.5.3_1,Sissili,,BFA.5.3.4_1,Nebielianayou,,,Département,Department,,BF.CO.SS.NE,491.000000000000000,2012.000000000000000,4.097759674134419,0.135476075112820,0.953626032386507,4.946926457541330,85.268250056675498
BFA,Burkina Faso,BFA.5_1,Centre-Ouest,,BFA.5.3_1,Sissili,,BFA.5.3.5_1,Niabouri,Niabouri,,Département,Department,,BF.CO.SS.NI,620.000000000000000,2507.000000000000000,4.043548387096775,0.235779987538562,1.577321494326872,6.667664696188534,98.831310047822839
BFA,Burkina Faso,BFA.5_1,Centre-Ouest,,BFA.5.3_1,Sissili,,BFA.5.3.6_1,Silly,,,Département,Department,,BF.CO.SS.SI,1340.000000000000000,5386.000000000000000,4.019402985074627,0.146647049060890,1.231111122880663,6.274925906317574,96.210753304617739
BFA,Burkina Faso,BFA.5_1,Centre-Ouest,,BFA.5.3_1,Sissili,,BFA.5.3.7_1,Tô,To,,Département,Department,,BF.CO.SS.TO,1433.000000000000000,6062.000000000000000,4.230286113049546,0.288506037274072,1.708839391553125,9.655327109403389,103.276239971781891
BFA,Burkina Faso,BFA.5_1,Centre-Ouest,,BFA.5.4_1,Ziro,,BFA.5.4.1_1,Bakata,,,Département,Department,,BF.CO.ZR.BA,744.000000000000000,3342.000000000000000,4.491935483870968,0.222233819961548,1.330545151233673,5.622233629226685,87.846734237670901
BFA,Burkina Faso,BFA.5_1,Centre-Ouest,,BFA.5.4_1,Ziro,,BFA.5.4.2_1,Bougnounou,,,Département,Department,,BF.CO.ZR.BO,610.000000000000000,2707.000000000000000,4.437704918032787,0.152727408628715,1.012693392603021,5.240412963064093,93.606979771664271
BFA,Burkina Faso,BFA.5_1,Centre-Ouest,,BFA.5.4_1,Ziro,,BFA.5.4.3_1,Cassou,Kassou,,Département,Department,,BF.CO.ZR.CA,1403.000000000000000,5875.000000000000000,4.187455452601568,0.220838175341487,1.562888607382774,7.596882355213165,100.265966033935541
BFA,Burkina Faso,BFA.5_1,Centre-Ouest,,BFA.5.4_1,Ziro,,BFA.5.4.4_1,Dalo,,,Département,Department,,BF.CO.ZR.DA,390.000000000000000,1852.000000000000000,4.748717948717949,0.207431385914485,1.257187068462372,5.573008431328668,91.053161621093750
BFA,Burkina Faso,BFA.5_1,Centre-Ouest,,BFA.5.4_1,Ziro,,BFA.5.4.5_1,Gao,,,Département,Department,,BF.CO.ZR.GA,684.000000000000000,2884.000000000000000,4.216374269005848,0.181284911930561,1.820590411915499,5.253141880035400,90.576039931353407
BFA,Burkina Faso,BFA.5_1,Centre-Ouest,,BFA.5.4_1,Ziro,,BFA.5.4.6_1,Sapouy,,,Département,Department,,BF.CO.ZR.SA,2490.000000000000000,9957.000000000000000,3.998795180722892,0.277639485784431,1.433948237504532,6.451618279983748,99.534345142876930
BFA,Burkina Faso,BFA.6_1,Centre-Sud,,BFA.6.1_1,Bazèga,,BFA.6.1.1_1,Doulougou,,,Département,Department,,BF.CS.BZ.DO,646.000000000000000,2352.000000000000000,3.640866873065015,0.131422494724393,1.053608801960945,4.056436765193939,88.327906417846677
BFA,Burkina Faso,BFA.6_1,Centre-Sud,,BFA.6.1_1,Bazèga,,BFA.6.1.2_1,Gaongo,,,Département,Department,,BF.CS.BZ.GA,747.000000000000000,2331.000000000000000,3.120481927710844,0.407391439107331,1.456571150909771,3.920195395296270,71.764723691073328
BFA,Burkina Faso,BFA.6_1,Centre-Sud,,BFA.6.1_1,Bazèga,,BFA.6.1.3_1,Ipelce,,,Département,Department,,BF.CS.BZ.IP,220.000000000000000,801.000000000000000,3.640909090909091,0.311571858823299,1.081170737743378,4.406818485260009,87.808016967773440
BFA,Burkina Faso,BFA.6_1,Centre-Sud,,BFA.6.1_1,Bazèga,,BFA.6.1.4_1,Kayao,,,Département,Department,,BF.CS.BZ.KA,811.000000000000000,3687.000000000000000,4.546239210850802,0.148045425019834,0.959783554077148,4.126709233159604,73.887576061746344
BFA,Burkina Faso,BFA.6_1,Centre-Sud,,BFA.6.1_1,Bazèga,,BFA.6.1.5_1,Kombissiri,,,Département,Department,,BF.CS.BZ.KO,714.000000000000000,2472.000000000000000,3.462184873949580,0.194480321059624,1.083361037903362,3.667614658673604,82.687189314100479
BFA,Burkina Faso,BFA.6_1,Centre-Sud,,BFA.6.1_1,Bazèga,,BFA.6.1.6_1,Sapone,,,Département,Department,,BF.CS.BZ.SA,804.000000000000000,3372.000000000000000,4.194029850746269,0.180145130577413,0.857255149971355,3.197736219926314,79.930603720925077
BFA,Burkina Faso,BFA.6_1,Centre-Sud,,BFA.6.1_1,Bazèga,,BFA.6.1.7_1,Toece,,,Département,Department,,BF.CS.BZ.TO,785.000000000000000,2630.000000000000000,3.350318471337580,0.187069162726402,1.399255600842563,5.084756786173040,91.399547923694954
BFA,Burkina Faso,BFA.6_1,Centre-Sud,,BFA.6.2_1,Nahouri,,BFA.6.2.1_1,Guiaro,Guiaro,,Département,Department,,BF.CS.NR.GU,1858.000000000000000,7022.000000000000000,3.779332615715823,0.632037578867032,1.659543803104988,7.695587580020611,100.542339765108551
BFA,Burkina Faso,BFA.6_1,Centre-Sud,,BFA.6.2_1,Nahouri,,BFA.6.2.2_1,Pô,Po,,Département,Department,,BF.CS.NR.PO,1930.000000000000000,7600.000000000000000,3.937823834196891,0.675717639808471,2.079515138497719,7.355109975888179,98.592673668494598
BFA,Burkina Faso,BFA.6_1,Centre-Sud,,BFA.6.2_1,Nahouri,,BFA.6.2.3_1,Tiébélé,,,Département,Department,,BF.CS.NR.TI,465.000000000000000,1893.000000000000000,4.070967741935484,0.419741113598530,2.294629408763005,5.638419408064622,109.676457918607269
BFA,Burkina Faso,BFA.6_1,Centre-Sud,,BFA.6.2_1,Nahouri,,BFA.6.2.4_1,Zecco,,,Département,Department,,BF.CS.NR.ZE,82.000000000000000,294.000000000000000,3.585365853658537,0.398421004414558,2.077170312404633,6.737836122512817,105.798465728759766
BFA,Burkina Faso,BFA.6_1,Centre-Sud,,BFA.6.2_1,Nahouri,,BFA.6.2.5_1,Ziou,Ziou,,Département,Department,,BF.CS.NR.ZI,326.000000000000000,1423.000000000000000,4.365030674846626,0.800769317895174,2.061721414327621,5.576775193214417,96.118913650512695
BFA,Burkina Faso,BFA.6_1,Centre-Sud,,BFA.6.3_1,Zoundwéogo,,BFA.6.3.1_1,Bere,,,Département,Department,,BF.CS.ZW.BE,336.000000000000000,1238.000000000000000,3.684523809523809,0.532424506545067,1.548852622509003,4.826195716857910,84.003876495361325
BFA,Burkina Faso,BFA.6_1,Centre-Sud,,BFA.6.3_1,Zoundwéogo,,BFA.6.3.2_1,Binde,,,Département,Department,,BF.CS.ZW.BI,604.000000000000000,2071.000000000000000,3.428807947019867,0.546851217746735,1.484846766789754,4.744835392634074,79.061329650878903
BFA,Burkina Faso,BFA.6_1,Centre-Sud,,BFA.6.3_1,Zoundwéogo,,BFA.6.3.3_1,Gogo,,,Département,Department,,BF.CS.ZW.GG,1178.000000000000000,4552.000000000000000,3.864176570458404,0.595191470601342,1.878635789408828,5.642862002054851,92.676105614864468
BFA,Burkina Faso,BFA.6_1,Centre-Sud,,BFA.6.3_1,Zoundwéogo,,BFA.6.3.4_1,Gomboussougou,Gomboussougou,,Département,Department,,BF.CS.ZW.GM,937.000000000000000,3449.000000000000000,3.680896478121665,0.421627279520035,2.356131343841553,5.286703987121582,84.769993591308591
BFA,Burkina Faso,BFA.6_1,Centre-Sud,,BFA.6.3_1,Zoundwéogo,,BFA.6.3.5_1,Guiba,,,Département,Department,,BF.CS.ZW.GU,330.000000000000000,1200.000000000000000,3.636363636363636,0.475889187306166,1.133344672620296,5.523202061653137,98.246923446655273
BFA,Burkina Faso,BFA.6_1,Centre-Sud,,BFA.6.3_1,Zoundwéogo,,BFA.6.3.6_1,Manga,,,Département,Department,,BF.CS.ZW.MA,291.000000000000000,1223.000000000000000,4.202749140893471,0.629400134086609,1.240478171242608,5.066071404351129,93.692710028754334
BFA,Burkina Faso,BFA.6_1,Centre-Sud,,BFA.6.3_1,Zoundwéogo,,BFA.6.3.7_1,Nobere,,,Département,Department,,BF.CS.ZW.NO,701.000000000000000,2641.000000000000000,3.767475035663338,0.505420929938555,1.560217517614365,5.860410809516907,98.834789657592779
BFA,Burkina Faso,BFA.8_1,Est,,BFA.8.1_1,Gnagna,,BFA.8.1.1_1,Bilanga,,,Département,Department,,BF.ES.GG.BI,2525.000000000000000,8159.000000000000000,3.231287128712871,0.148334890685004,0.920414488384689,3.090775156366652,39.132185618082680
BFA,Burkina Faso,BFA.8_1,Est,,BFA.8.1_1,Gnagna,,BFA.8.1.2_1,Bogandé,,,Département,Department,,BF.ES.GG.BO,1821.000000000000000,5880.000000000000000,3.228995057660626,0.044300713937502,0.297761848082348,1.665832031746300,23.022472381591797
BFA,Burkina Faso,BFA.8_1,Est,,BFA.8.1_1,Gnagna,,BFA.8.1.3_1,Koalla,,,Département,Department,,BF.ES.GG.CO,2355.000000000000000,7322.000000000000000,3.109129511677283,0.012758567131832,0.165058681303087,1.597025642500204,11.081722322632285
BFA,Burkina Faso,BFA.8_1,Est,,BFA.8.1_1,Gnagna,,BFA.8.1.4_1,Liptougou,,,Département,Department,,BF.ES.GG.LI,1590.000000000000000,4803.000000000000000,3.020754716981132,0.028825748215119,0.337561654133929,1.921835080782572,16.992165226406520
BFA,Burkina Faso,BFA.8_1,Est,,BFA.8.1_1,Gnagna,,BFA.8.1.5_1,Mani,Manni,,Département,Department,,BF.ES.GG.MA,546.000000000000000,1752.000000000000000,3.208791208791209,0.009805936242143,0.119070910910765,1.614932934443156,13.328816032409668
BFA,Burkina Faso,BFA.8_1,Est,,BFA.8.1_1,Gnagna,,BFA.8.1.6_1,Piéla,,,Département,Department,,BF.ES.GG.PI,991.000000000000000,3136.000000000000000,3.164480322906155,0.064541319577858,0.670972466468811,2.231220952395735,33.925148207565833
BFA,Burkina Faso,BFA.8_1,Est,,BFA.8.1_1,Gnagna,,BFA.8.1.7_1,Thion,,,Département,Department,,BF.ES.GG.TH,397.000000000000000,1197.000000000000000,3.015113350125945,0.027271563032021,0.205447085201740,1.399334152539571,17.975409110387165
BFA,Burkina Faso,BFA.8_1,Est,,BFA.8.2_1,Gourma,,BFA.8.2.1_1,Diabo,,,Département,Department,,BF.ES.GM.DB,812.000000000000000,2592.000000000000000,3.192118226600985,0.121949684185286,1.442099630832672,4.700476715962092,65.421473979949951
BFA,Burkina Faso,BFA.8_1,Est,,BFA.8.2_1,Gourma,,BFA.8.2.2_1,Diapangou,,,Département,Department,,BF.ES.GM.DP,554.000000000000000,1748.000000000000000,3.155234657039711,0.104011335136259,0.932750509065740,4.231098750058343,60.013070274801812
BFA,Burkina Faso,BFA.8_1,Est,,BFA.8.2_1,Gourma,,BFA.8.2.3_1,Fada N'gourma,Fada Ngourma,,Département,Department,,BF.ES.GM.FN,4105.000000000000000,14579.000000000000000,3.551522533495737,0.098795715143735,0.993480311198668,3.591533357446844,53.015010972456501
BFA,Burkina Faso,BFA.8_1,Est,,BFA.8.2_1,Gourma,,BFA.8.2.4_1,Matiacoali,Matiakoali,,Département,Department,,BF.ES.GM.MA,5307.000000000000000,17762.000000000000000,3.346900320331637,0.068422761408198,0.707204670061668,2.499269215265910,27.928386230468750
BFA,Burkina Faso,BFA.8_1,Est,,BFA.8.2_1,Gourma,,BFA.8.2.5_1,Tibga,Tibga,,Département,Department,,BF.ES.GM.TI,915.000000000000000,2993.000000000000000,3.271038251366120,0.152056743088056,1.008217439676325,4.131228228410085,48.647856394449867
BFA,Burkina Faso,BFA.8_1,Est,,BFA.8.2_1,Gourma,,BFA.8.2.6_1,Yamba,,,Département,Department,,BF.ES.GM.YA,1681.000000000000000,5546.000000000000000,3.299226650803093,0.134266071352694,1.308473412195841,3.986119174957275,39.237964163886176
BFA,Burkina Faso,BFA.8_1,Est,,BFA.8.3_1,Komandjoari,,BFA.8.3.1_1,Bartiébougou,,,Département,Department,,BF.ES.KJ.BA,1079.000000000000000,3319.000000000000000,3.075996292863763,0.044560648951059,0.378742757439613,2.307652513186137,18.228363736470541
BFA,Burkina Faso,BFA.8_1,Est,,BFA.8.3_1,Komandjoari,,BFA.8.3.2_1,Foutouri,,,Département,Department,,BF.ES.KJ.FO,1573.000000000000000,4803.000000000000000,3.053401144310235,0.042119663960131,0.438211525197734,2.069542846896432,18.690775047649037
BFA,Burkina Faso,BFA.8_1,Est,,BFA.8.3_1,Komandjoari,,BFA.8.3.3_1,Gayéri,,,Département,Department,,BF.ES.KJ.GA,3471.000000000000000,11047.000000000000000,3.182656295015846,0.081945130407500,0.616075563166911,3.112647077689568,24.039077679316204
BFA,Burkina Faso,BFA.8_1,Est,,BFA.8.4_1,Kompienga,,BFA.8.4.1_1,Kompienga,,,Département,Department,,BF.ES.KP.KO,845.000000000000000,3191.000000000000000,3.776331360946746,0.610491997872790,1.694157970448335,9.671007076899210,59.352528731028237
BFA,Burkina Faso,BFA.8_1,Est,,BFA.8.4_1,Kompienga,,BFA.8.4.2_1,Madjoari,,,Département,Department,,BF.ES.KP.MA,1504.000000000000000,5841.000000000000000,3.883643617021276,0.127394132516380,0.815770761171977,9.445902729034424,36.058951102362741
BFA,Burkina Faso,BFA.8_1,Est,,BFA.8.4_1,Kompienga,,BFA.8.4.3_1,Pama,,,Département,Department,,BF.ES.KP.PA,5936.000000000000000,21574.000000000000000,3.634433962264151,0.108761713720813,0.887176103617360,6.234604039570180,43.930240968378577
BFA,Burkina Faso,BFA.8_1,Est,,BFA.8.5_1,Tapoa,,BFA.8.5.1_1,Botou,Botou,,Département,Department,,BF.ES.TA.BO,2171.000000000000000,7138.000000000000000,3.287885766927683,0.034078506049481,0.562221329469802,1.829195547912080,24.903595196998726
BFA,Burkina Faso,BFA.8_1,Est,,BFA.8.5_1,Tapoa,,BFA.8.5.2_1,Diapaga,,,Département,Department,,BF.ES.TA.DI,4636.000000000000000,16048.000000000000000,3.461604831751510,0.052905479458931,0.669843729643617,4.843724206089973,32.766716703772545
BFA,Burkina Faso,BFA.8_1,Est,,BFA.8.5_1,Tapoa,,BFA.8.5.3_1,Kantchari,,,Département,Department,,BF.ES.TA.KA,4307.000000000000000,14385.000000000000000,3.339911771534711,0.061963801536088,0.923175440728664,2.581713524460793,26.248537445068358
BFA,Burkina Faso,BFA.8_1,Est,,BFA.8.5_1,Tapoa,,BFA.8.5.4_1,Logobou,,,Département,Department,,BF.ES.TA.LO,2935.000000000000000,10505.000000000000000,3.579216354344123,0.123644941752144,0.893683003054725,9.414107552281132,33.314657140661168
BFA,Burkina Faso,BFA.8_1,Est,,BFA.8.5_1,Tapoa,,BFA.8.5.5_1,Namounou,,,Département,Department,,BF.ES.TA.NA,65.000000000000000,218.000000000000000,3.353846153846154,0.111647542712242,1.586140252453033,5.129645683212340,33.805463179601496
BFA,Burkina Faso,BFA.8_1,Est,,BFA.8.5_1,Tapoa,,BFA.8.5.6_1,Partiaga,,,Département,Department,,BF.ES.TA.PA,1966.000000000000000,6765.000000000000000,3.440996948118006,0.067577080114448,1.068752004365836,2.885051188724382,34.616018397467478
BFA,Burkina Faso,BFA.8_1,Est,,BFA.8.5_1,Tapoa,,BFA.8.5.7_1,Tambaga,Tambarga,,Département,Department,,BF.ES.TA.TB,941.000000000000000,3383.000000000000000,3.595111583421891,0.059447353585294,0.818571486406856,6.136804986883093,30.684054904513889
BFA,Burkina Faso,BFA.8_1,Est,,BFA.8.5_1,Tapoa,,BFA.8.5.8_1,Tansarga,,,Département,Department,,BF.ES.TA.TS,708.000000000000000,2445.000000000000000,3.453389830508474,0.055783417253267,0.736703966345106,5.439652545111520,38.042520977201917
BFA,Burkina Faso,BFA.9_1,Haut-Bassins,,BFA.9.1_1,Houet,,BFA.9.1.1_1,Bama,,,Département,Department,,BF.HB.HO.BM,1565.000000000000000,6909.000000000000000,4.414696485623003,0.637687548317692,1.462667089971629,6.870628887956792,79.463318391279742
BFA,Burkina Faso,BFA.9_1,Haut-Bassins,,BFA.9.1_1,Houet,,BFA.9.1.2_1,Bobo-Dioulasso,Bobo-dioulasso,,Département,Department,,BF.HB.HO.BD,2158.000000000000000,15899.000000000000000,7.367469879518072,0.560668351128697,1.560510927438736,9.039141758282979,91.119437535603836
BFA,Burkina Faso,BFA.9_1,Haut-Bassins,,BFA.9.1_1,Houet,,BFA.9.1.3_1,Dandé,,,Département,Department,,BF.HB.HO.DA,285.000000000000000,1111.000000000000000,3.898245614035088,0.334126317075321,1.411515167781285,6.416851997375488,67.212609427315854
BFA,Burkina Faso,BFA.9_1,Haut-Bassins,,BFA.9.1_1,Houet,,BFA.9.1.4_1,Faramana,,,Département,Department,,BF.HB.HO.FA,256.000000000000000,972.000000000000000,3.796875000000000,0.325375049241952,1.042484913553510,4.775000435965402,42.545232500348774
BFA,Burkina Faso,BFA.9_1,Haut-Bassins,,BFA.9.1_1,Houet,,BFA.9.1.5_1,Fo,,,Département,Department,,BF.HB.HO.FO,479.000000000000000,1863.000000000000000,3.889352818371608,0.231079473098119,1.190660166740418,4.937449995676676,55.043420410156251
BFA,Burkina Faso,BFA.9_1,Haut-Bassins,,BFA.9.1_1,Houet,,BFA.9.1.6_1,Karankasso-Sambla,,,Département,Department,,BF.HB.HO.KS,854.000000000000000,4147.000000000000000,4.855971896955504,0.834679609253293,1.684859219051543,8.542697157178607,79.044954935709640
BFA,Burkina Faso,BFA.9_1,Haut-Bassins,,BFA.9.1_1,Houet,,BFA.9.1.7_1,Karankasso-Vigué,Karankasso-Vigue,,Département,Department,,BF.HB.HO.KV,2344.000000000000000,10726.000000000000000,4.575938566552901,1.120564765099323,1.722477775631529,11.428746801434141,96.225157073049829
BFA,Burkina Faso,BFA.9_1,Haut-Bassins,,BFA.9.1_1,Houet,,BFA.9.1.8_1,Koundougou,,,Département,Department,,BF.HB.HO.KD,468.000000000000000,1791.000000000000000,3.826923076923077,0.390280053019524,1.451088041067123,6.154396692911784,64.226489067077637
BFA,Burkina Faso,BFA.9_1,Haut-Bassins,,BFA.9.1_1,Houet,,BFA.9.1.9_1,Lena,,,Département,Department,,BF.HB.HO.LE,688.000000000000000,2914.000000000000000,4.235465116279070,0.813340448281344,1.666676745695226,7.604376091676600,87.321938009823072
BFA,Burkina Faso,BFA.9_1,Haut-Bassins,,BFA.9.1_1,Houet,,BFA.9.1.10_1,Padéma,Padema,,Département,Department,,BF.HB.HO.PA,1103.000000000000000,4493.000000000000000,4.073436083408885,0.575262112542987,1.359039090573788,6.086214974522591,64.561658024787903
BFA,Burkina Faso,BFA.9_1,Haut-Bassins,,BFA.9.1_1,Houet,,BFA.9.1.11_1,Peni,,,Département,Department,,BF.HB.HO.PE,1514.000000000000000,6409.000000000000000,4.233157199471599,0.758878971026702,2.021013479341160,12.197708910161799,98.534132003784180
BFA,Burkina Faso,BFA.9_1,Haut-Bassins,,BFA.9.1_1,Houet,,BFA.9.1.12_1,Satiri,,,Département,Department,,BF.HB.HO.SA,1460.000000000000000,5617.000000000000000,3.847260273972603,0.565929549132905,1.437719868450630,6.129078667338302,75.180491005502091
BFA,Burkina Faso,BFA.9_1,Haut-Bassins,,BFA.9.1_1,Houet,,BFA.9.1.13_1,Toussiana,,,Département,Department,,BF.HB.HO.TO,588.000000000000000,2519.000000000000000,4.284013605442177,0.772055240347981,2.147249221801758,11.800359785556793,95.333611488342285
BFA,Burkina Faso,BFA.9_1,Haut-Bassins,,BFA.9.2_1,Kénédougou,,BFA.9.2.1_1,Banzon,,,Département,Department,,BF.HB.KN.BA,133.000000000000000,622.000000000000000,4.676691729323308,1.157910625139872,2.033532063166300,8.519713401794434,76.386711120605469
BFA,Burkina Faso,BFA.9_1,Haut-Bassins,,BFA.9.2_1,Kénédougou,,BFA.9.2.2_1,Djigouera,,,Département,Department,,BF.HB.KN.DJ,557.000000000000000,2722.000000000000000,4.886894075403950,0.743747742737041,2.230549076024224,9.442435713375316,83.222133860868567
BFA,Burkina Faso,BFA.9_1,Haut-Bassins,,BFA.9.2_1,Kénédougou,,BFA.9.2.3_1,Kangala,Kangala,,Département,Department,,BF.HB.KN.KG,596.000000000000000,2321.000000000000000,3.894295302013423,0.631026418879628,2.522379755973816,11.314746618270874,95.919075012207031
BFA,Burkina Faso,BFA.9_1,Haut-Bassins,,BFA.9.2_1,Kénédougou,,BFA.9.2.4_1,Kayan,,,Département,Department,,BF.HB.KN.KY,736.000000000000000,2717.000000000000000,3.691576086956522,0.407032470169820,1.491194075659702,5.342751001056872,58.874923103734069
BFA,Burkina Faso,BFA.9_1,Haut-Bassins,,BFA.9.2_1,Kénédougou,,BFA.9.2.5_1,Koloko,,,Département,Department,,BF.HB.KN.KK,927.000000000000000,3961.000000000000000,4.272923408845739,0.545823955110141,3.047814539500645,10.277026244572230,90.209190096173970
BFA,Burkina Faso,BFA.9_1,Haut-Bassins,,BFA.9.2_1,Kénédougou,,BFA.9.2.6_1,Kourinion,Kourignon,,Département,Department,,BF.HB.KN.KN,719.000000000000000,3662.000000000000000,5.093184979137691,0.793078042958912,1.973154563652842,10.750358430962814,89.072696886564557
BFA,Burkina Faso,BFA.9_1,Haut-Bassins,,BFA.9.2_1,Kénédougou,,BFA.9.2.7_1,Kourouma,,,Département,Department,,BF.HB.KN.KM,1192.000000000000000,4696.000000000000000,3.939597315436242,0.532641231599781,1.292963729964362,6.379021896256341,70.421896616617843
BFA,Burkina Faso,BFA.9_1,Haut-Bassins,,BFA.9.2_1,Kénédougou,,BFA.9.2.8_1,Morolaba,,,Département,Department,,BF.HB.KN.MO,1060.000000000000000,4095.000000000000000,3.863207547169811,0.431454820434252,2.417268788814545,5.545435810089112,50.065278879801433
BFA,Burkina Faso,BFA.9_1,Haut-Bassins,,BFA.9.2_1,Kénédougou,,BFA.9.2.9_1,N'dorola,Ndorola,,Département,Department,,BF.HB.KN.ND,983.000000000000000,4031.000000000000000,4.100712105798576,0.320875456290586,1.456666886806488,4.765583872795105,53.898748806544710
BFA,Burkina Faso,BFA.9_1,Haut-Bassins,,BFA.9.2_1,Kénédougou,,BFA.9.2.10_1,Orodara,,,Département,Department,,BF.HB.KN.OR,480.000000000000000,2136.000000000000000,4.450000000000000,0.526185549795628,1.679326424996058,11.747883876164755,90.188770929972335
BFA,Burkina Faso,BFA.9_1,Haut-Bassins,,BFA.9.2_1,Kénédougou,,BFA.9.2.11_1,Samogohiri,Samoghohiri|Samogoyiri,,Département,Department,,BF.HB.KN.SH,542.000000000000000,2462.000000000000000,4.542435424354244,0.689662213508899,2.163369142092191,13.034485963674692,95.284389789287857
BFA,Burkina Faso,BFA.9_1,Haut-Bassins,,BFA.9.2_1,Kénédougou,,BFA.9.2.12_1,Samorogouan,,,Département,Department,,BF.HB.KN.SR,1396.000000000000000,5774.000000000000000,4.136103151862464,0.916325424846850,2.785582046759756,7.297618113066020,75.385336323788295
BFA,Burkina Faso,BFA.9_1,Haut-Bassins,,BFA.9.2_1,Kénédougou,,BFA.9.2.13_1,Sindo,Soundo,,Département,Department,,BF.HB.KN.SD,752.000000000000000,3224.000000000000000,4.287234042553192,0.781500623339698,3.452802771613711,6.682268278939383,69.139258975074398
BFA,Burkina Faso,BFA.9_1,Haut-Bassins,,BFA.9.3_1,Tuy,,BFA.9.3.1_1,Bekuy,,,Département,Department,,BF.HB.TU.BK,696.000000000000000,2776.000000000000000,3.988505747126437,0.308936656230972,1.219628623553685,4.928444090343657,72.136440095447355
BFA,Burkina Faso,BFA.9_1,Haut-Bassins,,BFA.9.3_1,Tuy,,BFA.9.3.2_1,Bereba,,,Département,Department,,BF.HB.TU.BR,703.000000000000000,2818.000000000000000,4.008534850640114,0.499700186401606,1.399112719297409,4.899289155006409,72.046041488647461
BFA,Burkina Faso,BFA.9_1,Haut-Bassins,,BFA.9.3_1,Tuy,,BFA.9.3.3_1,Boni,,,Département,Department,,BF.HB.TU.BN,449.000000000000000,1887.000000000000000,4.202672605790646,0.515177865823110,1.565114239851634,6.584080696105957,92.711283365885421
BFA,Burkina Faso,BFA.9_1,Haut-Bassins,,BFA.9.3_1,Tuy,,BFA.9.3.4_1,Founzan,,,Département,Department,,BF.HB.TU.FO,957.000000000000000,3911.000000000000000,4.086729362591432,0.619999936333409,1.343131100689923,5.604591298986365,94.522077207212092
BFA,Burkina Faso,BFA.9_1,Haut-Bassins,,BFA.9.3_1,Tuy,,BFA.9.3.5_1,Houndé,,,Département,Department,,BF.HB.TU.HO,1488.000000000000000,6258.000000000000000,4.205645161290323,0.761098992533800,1.737661850161669,6.172728875788247,87.232433784298777
BFA,Burkina Faso,BFA.9_1,Haut-Bassins,,BFA.9.3_1,Tuy,,BFA.9.3.6_1,Koti,,,Département,Department,,BF.HB.TU.KT,801.000000000000000,3488.000000000000000,4.354556803995006,0.266654427755963,1.005508750677109,4.290758696469394,96.340254696932703
BFA,Burkina Faso,BFA.9_1,Haut-Bassins,,BFA.9.3_1,Tuy,,BFA.9.3.7_1,Koumbia,,,Département,Department,,BF.HB.TU.KB,1621.000000000000000,6731.000000000000000,4.152375077112893,1.583550950342959,1.661390524018895,7.676774415102872,92.518482381647289
BFA,Burkina Faso,BFA.10_1,Nord,,BFA.10.1_1,Loroum,,BFA.10.1.1_1,Banh,,,Département,Department,,BF.NO.LO.BA,1325.000000000000000,3969.000000000000000,2.995471698113207,0.066741706829311,0.129694635979831,0.195292301062081,3.919646349218157
BFA,Burkina Faso,BFA.10_1,Nord,,BFA.10.1_1,Loroum,,BFA.10.1.2_1,Ouindigui,Ouendigui,,Département,Department,,BF.NO.LO.OU,735.000000000000000,2204.000000000000000,2.998639455782313,0.102974662845511,0.054226521402597,0.812406951472873,11.734682401021322
BFA,Burkina Faso,BFA.10_1,Nord,,BFA.10.1_1,Loroum,,BFA.10.1.3_1,Solle,Sole,,Département,Department,,BF.NO.LO.SO,456.000000000000000,1369.000000000000000,3.002192982456140,0.099697565038999,0.105050160239140,0.250108727564414,5.110288500785828
BFA,Burkina Faso,BFA.10_1,Nord,,BFA.10.1_1,Loroum,,BFA.10.1.4_1,Titao,,,Département,Department,,BF.NO.LO.TI,1929.000000000000000,5814.000000000000000,3.013996889580093,0.073672468229285,0.047659808506240,0.744035734601741,9.208718749712098
BFA,Burkina Faso,BFA.10_1,Nord,,BFA.10.2_1,Passoré,,BFA.10.2.1_1,Arbolle,Arbole,,Département,Department,,BF.NO.PA.AR,772.000000000000000,2508.000000000000000,3.248704663212435,0.082181606829787,0.377598319202662,3.144807795683543,41.803722222646080
BFA,Burkina Faso,BFA.10_1,Nord,,BFA.10.2_1,Passoré,,BFA.10.2.2_1,Bagare,,,Département,Department,,BF.NO.PA.BA,555.000000000000000,1986.000000000000000,3.578378378378378,0.051222967449576,0.384487327188253,3.226082995533943,30.361640453338623
BFA,Burkina Faso,BFA.10_1,Nord,,BFA.10.2_1,Passoré,,BFA.10.2.3_1,Bokin,,,Département,Department,,BF.NO.PA.BO,952.000000000000000,2879.000000000000000,3.024159663865546,0.072010234767652,0.267235295928043,2.931796229403952,35.370148617288343
BFA,Burkina Faso,BFA.10_1,Nord,,BFA.10.2_1,Passoré,,BFA.10.2.4_1,Gomponsom,Gomponsom|Gompossom,,Département,Department,,BF.NO.PA.GO,279.000000000000000,839.000000000000000,3.007168458781362,0.042628789320588,0.309368669986725,3.152332901954651,30.419987678527832
BFA,Burkina Faso,BFA.10_1,Nord,,BFA.10.2_1,Passoré,,BFA.10.2.5_1,Kirsi,,,Département,Department,,BF.NO.PA.KI,262.000000000000000,789.000000000000000,3.011450381679389,0.094332318753004,0.296998811264833,2.735151608784994,37.731201171875000
BFA,Burkina Faso,BFA.10_1,Nord,,BFA.10.2_1,Passoré,,BFA.10.2.6_1,Lâ-Todin,Latodin,,Département,Department,,BF.NO.PA.LT,360.000000000000000,1170.000000000000000,3.250000000000000,0.073979988355528,0.385717925700274,2.725513306531039,30.717987060546875
BFA,Burkina Faso,BFA.10_1,Nord,,BFA.10.2_1,Passoré,,BFA.10.2.7_1,Pilimpikou,Pilimpikou,,Département,Department,,BF.NO.PA.PI,224.000000000000000,734.000000000000000,3.276785714285714,0.064118360355496,0.378208503127098,3.315490293502807,39.635552978515626
BFA,Burkina Faso,BFA.10_1,Nord,,BFA.10.2_1,Passoré,,BFA.10.2.8_1,Samba,,,Département,Department,,BF.NO.PA.SA,423.000000000000000,1314.000000000000000,3.106382978723404,0.139818542171270,0.354690007865429,3.116009136041006,37.814499855041504
BFA,Burkina Faso,BFA.10_1,Nord,,BFA.10.2_1,Passoré,,BFA.10.2.9_1,Yako,,,Département,Department,,BF.NO.PA.YA,941.000000000000000,3332.000000000000000,3.540913921360255,0.040094616279627,0.161536026435594,2.943589866161346,32.414829730987549
BFA,Burkina Faso,BFA.10_1,Nord,,BFA.10.3_1,Yatenga,,BFA.10.3.1_1,Barga,,,Département,Department,,BF.NO.YT.BA,243.000000000000000,733.000000000000000,3.016460905349794,0.032640515028366,0.053145592367010,0.825541219541005,9.558478082929339
BFA,Burkina Faso,BFA.10_1,Nord,,BFA.10.3_1,Yatenga,,BFA.10.3.2_1,Kaïn,Kain,,Département,Department,,BF.NO.YT.KN,932.000000000000000,2796.000000000000000,3.000000000000000,0.044564269793530,0.248853878842460,0.322752226282049,4.556884015047991
BFA,Burkina Faso,BFA.10_1,Nord,,BFA.10.3_1,Yatenga,,BFA.10.3.3_1,Kalsaka,,,Département,Department,,BF.NO.YT.KL,702.000000000000000,2252.000000000000000,3.207977207977208,0.040942144326188,0.275078185241331,2.705688026818362,27.613381299105558
BFA,Burkina Faso,BFA.10_1,Nord,,BFA.10.3_1,Yatenga,,BFA.10.3.4_1,Kossouka,,,Département,Department,,BF.NO.YT.KS,199.000000000000000,598.000000000000000,3.005025125628141,0.027219228446484,0.127958834916353,1.669211506843567,25.162593460083009
BFA,Burkina Faso,BFA.10_1,Nord,,BFA.10.3_1,Yatenga,,BFA.10.3.5_1,Koumbri,,,Département,Department,,BF.NO.YT.KM,736.000000000000000,2205.000000000000000,2.995923913043478,0.051369625270705,0.146371748033826,0.504294908859513,7.164567448876121
BFA,Burkina Faso,BFA.10_1,Nord,,BFA.10.3_1,Yatenga,,BFA.10.3.6_1,Namissiguima,,,Département,Department,,BF.NO.YT.NA,599.000000000000000,1843.000000000000000,3.076794657762938,0.035495527670719,0.056868838379160,0.751339297741652,10.858480751514435
BFA,Burkina Faso,BFA.10_1,Nord,,BFA.10.3_1,Yatenga,,BFA.10.3.7_1,Ouahigouya,,,Département,Department,,BF.NO.YT.OG,593.000000000000000,3026.000000000000000,5.102866779089376,0.029191457666457,0.075486602261662,1.111035209149122,10.584592521190643
BFA,Burkina Faso,BFA.10_1,Nord,,BFA.10.3_1,Yatenga,,BFA.10.3.8_1,Oula,,,Département,Department,,BF.NO.YT.OL,674.000000000000000,2020.000000000000000,2.997032640949555,0.032393125630915,0.102125746197999,1.228510874509811,14.483193731307983
BFA,Burkina Faso,BFA.10_1,Nord,,BFA.10.3_1,Yatenga,,BFA.10.3.9_1,Rambo,,,Département,Department,,BF.NO.YT.RA,338.000000000000000,1023.000000000000000,3.026627218934911,0.034192571416497,0.395304995775223,2.870075035095215,25.723031997680664
BFA,Burkina Faso,BFA.10_1,Nord,,BFA.10.3_1,Yatenga,,BFA.10.3.10_1,Seguenega,Seguenega,,Département,Department,,BF.NO.YT.SE,809.000000000000000,2485.000000000000000,3.071693448702101,0.057448003187098,0.096110200678760,1.350504807450555,19.539592612873424
BFA,Burkina Faso,BFA.10_1,Nord,,BFA.10.3_1,Yatenga,,BFA.10.3.11_1,Tangaye,,,Département,Department,,BF.NO.YT.TA,587.000000000000000,1763.000000000000000,3.003407155025553,0.030307594686747,0.223139652982354,1.371594985326131,9.859376695421007
BFA,Burkina Faso,BFA.10_1,Nord,,BFA.10.3_1,Yatenga,,BFA.10.3.12_1,Thiou,Thyou,,Département,Department,,BF.NO.YT.TH,1436.000000000000000,4319.000000000000000,3.007660167130919,0.046622759687077,0.465454499972494,0.955275403041589,6.821523503253334
BFA,Burkina Faso,BFA.10_1,Nord,,BFA.10.3_1,Yatenga,,BFA.10.3.13_1,Zogore,,,Département,Department,,BF.NO.YT.ZO,286.000000000000000,859.000000000000000,3.003496503496503,0.024795313598588,0.113475337624550,1.850623399019241,13.666155219078064
BFA,Burkina Faso,BFA.10_1,Nord,,BFA.10.4_1,Zondoma,,BFA.10.4.1_1,Bassi,,,Département,Department,,BF.NO.ZM.BA,233.000000000000000,701.000000000000000,3.008583690987125,0.039074585959315,0.135392108559608,1.282575321197510,16.171454620361327
BFA,Burkina Faso,BFA.10_1,Nord,,BFA.10.4_1,Zondoma,,BFA.10.4.2_1,Boussou,,,Département,Department,,BF.NO.ZM.BO,603.000000000000000,2062.000000000000000,3.419568822553897,0.042642211774364,0.315098846331239,3.138932973146439,21.652629852294922
BFA,Burkina Faso,BFA.10_1,Nord,,BFA.10.4_1,Zondoma,,BFA.10.4.3_1,Gourcy,,,Département,Department,,BF.NO.ZM.GO,932.000000000000000,2934.000000000000000,3.148068669527897,0.052108091660417,0.222945404740480,1.888844253925177,18.496361915881817
BFA,Burkina Faso,BFA.10_1,Nord,,BFA.10.4_1,Zondoma,,BFA.10.4.4_1,Léba,,,Département,Department,,BF.NO.ZM.LE,248.000000000000000,747.000000000000000,3.012096774193548,0.027917048228639,0.163020174418177,1.817608220236642,14.815425736563546
BFA,Burkina Faso,BFA.10_1,Nord,,BFA.10.4_1,Zondoma,,BFA.10.4.5_1,Tougo,,,Département,Department,,BF.NO.ZM.TO,366.000000000000000,1101.000000000000000,3.008196721311475,0.050155545957386,0.215721195936203,1.935249865055084,21.356851100921631
BFA,Burkina Faso,BFA.11_1,Plateau-Central,,BFA.11.1_1,Ganzourgou,,BFA.11.1.1_1,Boudry,,,Département,Department,,BF.PC.GZ.BO,1275.000000000000000,3952.000000000000000,3.099607843137255,0.209421652162241,1.111108303897911,3.265364858839247,60.642246246337891
BFA,Burkina Faso,BFA.11_1,Plateau-Central,,BFA.11.1_1,Ganzourgou,,BFA.11.1.2_1,Kogho,,,Département,Department,,BF.PC.GZ.KO,193.000000000000000,646.000000000000000,3.347150259067357,0.141639195382595,0.960939019918442,2.533181468645731,37.633429209391274
BFA,Burkina Faso,BFA.11_1,Plateau-Central,,BFA.11.1_1,Ganzourgou,,BFA.11.1.3_1,Méguet,Meguet,,Département,Department,,BF.PC.GZ.ME,434.000000000000000,1473.000000000000000,3.394009216589862,0.079912203550339,0.835617530345917,2.256756818294525,43.979327392578128
BFA,Burkina Faso,BFA.11_1,Plateau-Central,,BFA.11.1_1,Ganzourgou,,BFA.11.1.4_1,Mogtédo,,,Département,Department,,BF.PC.GZ.MO,800.000000000000000,2451.000000000000000,3.063750000000000,0.270705869988255,1.179798032926477,2.637799076412035,57.736367101254672
BFA,Burkina Faso,BFA.11_1,Plateau-Central,,BFA.11.1_1,Ganzourgou,,BFA.11.1.5_1,Salogo,,,Département,Department,,BF.PC.GZ.SA,499.000000000000000,1662.000000000000000,3.330661322645291,0.112590300617740,0.894243340939283,2.500938288867474,42.312898874282837
BFA,Burkina Faso,BFA.11_1,Plateau-Central,,BFA.11.1_1,Ganzourgou,,BFA.11.1.6_1,Zam,,,Département,Department,,BF.PC.GZ.ZM,909.000000000000000,2868.000000000000000,3.155115511551155,0.068513315509666,0.805280501192266,1.877545015378432,48.798839915882461
BFA,Burkina Faso,BFA.11_1,Plateau-Central,,BFA.11.1_1,Ganzourgou,,BFA.11.1.7_1,Zorgho,,,Département,Department,,BF.PC.GZ.ZR,468.000000000000000,1707.000000000000000,3.647435897435897,0.085713346488774,0.842802221576373,2.595174342393875,49.151983261108398
BFA,Burkina Faso,BFA.11_1,Plateau-Central,,BFA.11.1_1,Ganzourgou,,BFA.11.1.8_1,Zoungou,,,Département,Department,,BF.PC.GZ.ZN,409.000000000000000,1274.000000000000000,3.114914425427873,0.166888367957794,0.964062855793880,3.480823296767015,54.303187150221603
BFA,Burkina Faso,BFA.11_1,Plateau-Central,,BFA.11.2_1,Kourwéogo,,BFA.11.2.1_1,Boussé,,,Département,Department,,BF.PC.KW.BO,548.000000000000000,1716.000000000000000,3.131386861313869,0.107918774709105,0.647871933877468,3.029697641730309,48.966063737869263
BFA,Burkina Faso,BFA.11_1,Plateau-Central,,BFA.11.2_1,Kourwéogo,,BFA.11.2.2_1,Laye,,,Département,Department,,BF.PC.KW.LA,146.000000000000000,584.000000000000000,4.000000000000000,0.049014609307051,0.665610949198405,2.726204872131348,56.517318725585938
BFA,Burkina Faso,BFA.11_1,Plateau-Central,,BFA.11.2_1,Kourwéogo,,BFA.11.2.3_1,Niou,,,Département,Department,,BF.PC.KW.NI,429.000000000000000,1362.000000000000000,3.174825174825175,0.091444071537505,0.409148971239726,3.192390282948812,41.336163202921547
BFA,Burkina Faso,BFA.11_1,Plateau-Central,,BFA.11.2_1,Kourwéogo,,BFA.11.2.4_1,Sourgoubila,,,Département,Department,,BF.PC.KW.SO,567.000000000000000,2092.000000000000000,3.689594356261023,0.101253965662585,0.782601313458549,2.704603340890673,65.760629442003037
BFA,Burkina Faso,BFA.11_1,Plateau-Central,,BFA.11.2_1,Kourwéogo,,BFA.11.2.5_1,Toéghin,Toeghen,,Département,Department,,BF.PC.KW.TO,230.000000000000000,712.000000000000000,3.095652173913043,0.067082621778051,0.415254185597102,2.434861381848653,45.126433690389000
BFA,Burkina Faso,BFA.11_1,Plateau-Central,,BFA.11.3_1,Oubritenga,,BFA.11.3.1_1,Absouya,,,Département,Department,,BF.PC.OB.AB,366.000000000000000,1134.000000000000000,3.098360655737705,0.124036849404757,0.675545123907236,2.019715758470388,43.276869260347809
BFA,Burkina Faso,BFA.11_1,Plateau-Central,,BFA.11.3_1,Oubritenga,,BFA.11.3.2_1,Dapélogo,Dapelgo,,Département,Department,,BF.PC.OB.DA,523.000000000000000,1666.000000000000000,3.185468451242830,0.069808661472052,0.500708675011992,2.048969686031342,50.401741027832031
BFA,Burkina Faso,BFA.11_1,Plateau-Central,,BFA.11.3_1,Oubritenga,,BFA.11.3.3_1,Loumbila,,,Département,Department,,BF.PC.OB.LO,211.000000000000000,805.000000000000000,3.815165876777251,0.044853484524148,0.604172106300082,2.228740692138672,63.590106419154573
BFA,Burkina Faso,BFA.11_1,Plateau-Central,,BFA.11.3_1,Oubritenga,,BFA.11.3.4_1,Nagreongo,,,Département,Department,,BF.PC.OB.NA,596.000000000000000,2018.000000000000000,3.385906040268456,0.130097614601254,0.749354157377692,2.370626281289493,52.821972790886377
BFA,Burkina Faso,BFA.11_1,Plateau-Central,,BFA.11.3_1,Oubritenga,,BFA.11.3.5_1,Ourgou-Manega,,,Département,Department,,BF.PC.OB.OM,527.000000000000000,1652.000000000000000,3.134724857685010,0.062016994907306,0.512257768557622,1.840554475784302,49.231120182917671
BFA,Burkina Faso,BFA.11_1,Plateau-Central,,BFA.11.3_1,Oubritenga,,BFA.11.3.6_1,Ziniare,,,Département,Department,,BF.PC.OB.ZN,629.000000000000000,2397.000000000000000,3.810810810810811,0.068734360734622,0.619176395734151,1.924156053860982,56.349558512369789
BFA,Burkina Faso,BFA.11_1,Plateau-Central,,BFA.11.3_1,Oubritenga,,BFA.11.3.7_1,Zitenga,,,Département,Department,,BF.PC.OB.ZT,554.000000000000000,1813.000000000000000,3.272563176895307,0.050037932856118,0.519395842271693,1.667144999784582,48.556193183450141
BFA,Burkina Faso,BFA.12_1,Sahel,,BFA.12.1_1,Oudalan,,BFA.12.1.1_1,Deou,,,Département,Department,,BF.SA.OD.DE,2656.000000000000000,7945.000000000000000,2.991340361445783,0.016519752678016,0.007384888945611,0.161352268457413,1.179330682754517
BFA,Burkina Faso,BFA.12_1,Sahel,,BFA.12.1_1,Oudalan,,BFA.12.1.2_1,Gorom-Gorom,Gorom Gorom,,Département,Department,,BF.SA.OD.GG,3993.000000000000000,12681.000000000000000,3.175807663410969,0.002691498541065,0.047419229572240,0.767704091167876,1.327504885515996
BFA,Burkina Faso,BFA.12_1,Sahel,,BFA.12.1_1,Oudalan,,BFA.12.1.3_1,Markoye,,,Département,Department,,BF.SA.OD.MA,1807.000000000000000,5429.000000000000000,3.004427227448810,0.001760514458120,0.020543242662893,0.349498953601276,1.218531645006604
BFA,Burkina Faso,BFA.12_1,Sahel,,BFA.12.1_1,Oudalan,,BFA.12.1.4_1,Oursi,,,Département,Department,,BF.SA.OD.OU,736.000000000000000,2208.000000000000000,3.000000000000000,0.012870881222557,0.019786539430903,0.345549272994200,1.086534077212924
BFA,Burkina Faso,BFA.12_1,Sahel,,BFA.12.1_1,Oudalan,,BFA.12.1.5_1,Tin-Akoff,Tin-Akof|Tin-Akoff|Tin Akoff,,Département,Department,,BF.SA.OD.TI,2884.000000000000000,8642.000000000000000,2.996532593619972,0.009922955229350,0.003950294679180,0.093312209448777,0.723281455412507
BFA,Burkina Faso,BFA.12_1,Sahel,,BFA.12.2_1,Séno,,BFA.12.2.1_1,Bani,,,Département,Department,,BF.SA.SE.BA,1930.000000000000000,5805.000000000000000,3.007772020725389,0.000791322208667,0.062576822734455,0.988021041987077,4.744190674907756
BFA,Burkina Faso,BFA.12_1,Sahel,,BFA.12.2_1,Séno,,BFA.12.2.2_1,Dori,,,Département,Department,,BF.SA.SE.DO,2998.000000000000000,9251.000000000000000,3.085723815877251,0.001519744642678,0.074597689892878,1.171694092540180,3.714033159087686
BFA,Burkina Faso,BFA.12_1,Sahel,,BFA.12.2_1,Séno,,BFA.12.2.3_1,Falagountou,Falagountou,,Département,Department,,BF.SA.SE.FA,671.000000000000000,2012.000000000000000,2.998509687034277,0.000000013699748,0.024907214959201,0.388428270816803,2.067349314689636
BFA,Burkina Faso,BFA.12_1,Sahel,,BFA.12.2_1,Séno,,BFA.12.2.4_1,Gorgadji,,,Département,Department,,BF.SA.SE.GO,1122.000000000000000,3371.000000000000000,3.004456327985740,0.023602058625329,0.051222887239419,0.834699986502528,3.815809920430183
BFA,Burkina Faso,BFA.12_1,Sahel,,BFA.12.2_1,Séno,,BFA.12.2.5_1,Sampelga,,,Département,Department,,BF.SA.SE.SA,649.000000000000000,1945.000000000000000,2.996918335901387,0.001350586629400,0.070826503448188,1.094080083072186,4.542890340089798
BFA,Burkina Faso,BFA.12_1,Sahel,,BFA.12.2_1,Séno,,BFA.12.2.6_1,Seytenga,,,Département,Department,,BF.SA.SE.SE,1061.000000000000000,3193.000000000000000,3.009425070688030,0.000423653380714,0.063178440223315,0.998385455991541,3.616168601172311
BFA,Burkina Faso,BFA.12_1,Sahel,,BFA.12.3_1,Soum,,BFA.12.3.1_1,Aribinda,Aribinda,,Département,Department,,BF.SA.SM.AR,3054.000000000000000,9156.000000000000000,2.998035363457760,0.015236296948513,0.062607861279200,1.077207999924819,2.386857519547144
BFA,Burkina Faso,BFA.12_1,Sahel,,BFA.12.3_1,Soum,,BFA.12.3.2_1,Baraboule,,,Département,Department,,BF.SA.SM.BA,1079.000000000000000,3236.000000000000000,2.999073215940686,0.046017616228254,0.057932902183948,0.798075221704714,4.075723026738022
BFA,Burkina Faso,BFA.12_1,Sahel,,BFA.12.3_1,Soum,,BFA.12.3.3_1,Diguel,Diguel,,Département,Department,,BF.SA.SM.DG,689.000000000000000,2065.000000000000000,2.997097242380261,0.062951002661430,0.008558656391688,0.183983005583286,2.706901800632477
BFA,Burkina Faso,BFA.12_1,Sahel,,BFA.12.3_1,Soum,,BFA.12.3.4_1,Djibo,,,Département,Department,,BF.SA.SM.DB,1229.000000000000000,3815.000000000000000,3.104149715215622,0.049203264806151,0.045687582605751,0.810867717489600,4.167468972504139
BFA,Burkina Faso,BFA.12_1,Sahel,,BFA.12.3_1,Soum,,BFA.12.3.5_1,Kelbo,,,Département,Department,,BF.SA.SM.KE,603.000000000000000,1805.000000000000000,2.993366500829187,0.128501311904984,0.054212375311181,0.975578330457211,6.016364187002182
BFA,Burkina Faso,BFA.12_1,Sahel,,BFA.12.3_1,Soum,,BFA.12.3.6_1,Koutougou,,,Département,Department,,BF.SA.SM.KO,1717.000000000000000,5139.000000000000000,2.993011065812464,0.032112532747284,0.020125916152152,0.392304276056746,1.552600587936158
BFA,Burkina Faso,BFA.12_1,Sahel,,BFA.12.3_1,Soum,,BFA.12.3.7_1,Nassoumbou,Nassamfou,,Département,Department,,BF.SA.SM.NA,2589.000000000000000,7782.000000000000000,3.005793742757822,0.032630951187231,0.014990543790627,0.274989572564761,1.975129476388295
BFA,Burkina Faso,BFA.12_1,Sahel,,BFA.12.3_1,Soum,,BFA.12.3.8_1,Pobe-Mengao,Pobe Mengao,,Département,Department,,BF.SA.SM.PM,660.000000000000000,1981.000000000000000,3.001515151515151,0.084017291158281,0.050285226354996,0.818193084663815,7.150760173797607
BFA,Burkina Faso,BFA.12_1,Sahel,,BFA.12.3_1,Soum,,BFA.12.3.9_1,Tongomayel,,,Département,Department,,BF.SA.SM.TO,3606.000000000000000,11281.000000000000000,3.128397115917914,0.117770135204502,0.037878191023312,0.751001910428808,4.677115707686453
BFA,Burkina Faso,BFA.12_1,Sahel,,BFA.12.4_1,Yagha,,BFA.12.4.1_1,Boundore,,,Département,Department,,BF.SA.YG.BO,1143.000000000000000,3430.000000000000000,3.000874890638670,0.001735633022102,0.030153604346972,0.593690723180771,7.889172221675063
BFA,Burkina Faso,BFA.12_1,Sahel,,BFA.12.4_1,Yagha,,BFA.12.4.2_1,Mansila,,,Département,Department,,BF.SA.YG.MA,1713.000000000000000,5140.000000000000000,3.000583771161704,0.013189419541625,0.169129266342877,1.493587296942006,13.337263356084408
BFA,Burkina Faso,BFA.12_1,Sahel,,BFA.12.4_1,Yagha,,BFA.12.4.3_1,Sebba,,,Département,Department,,BF.SA.YG.SE,1296.000000000000000,3901.000000000000000,3.010030864197531,0.006152621695010,0.115604682661155,1.433977563591564,8.717382332857918
BFA,Burkina Faso,BFA.12_1,Sahel,,BFA.12.4_1,Yagha,,BFA.12.4.4_1,Solhan,,,Département,Department,,BF.SA.YG.SO,1613.000000000000000,4872.000000000000000,3.020458772473652,0.008897153475217,0.114773466469760,1.485499842369810,9.117674746411913
BFA,Burkina Faso,BFA.12_1,Sahel,,BFA.12.4_1,Yagha,,BFA.12.4.5_1,Tankougounadie,,,Département,Department,,BF.SA.YG.TA,1047.000000000000000,3148.000000000000000,3.006685768863419,0.001075908550164,0.050472282990813,0.805414829651515,6.495319048563640
BFA,Burkina Faso,BFA.12_1,Sahel,,BFA.12.4_1,Yagha,,BFA.12.4.6_1,Titabe,,,Département,Department,,BF.SA.YG.TI,1043.000000000000000,3125.000000000000000,2.996164908916587,0.003277308076002,0.070060959021593,1.058706201356033,4.739682641522638
BFA,Burkina Faso,BFA.13_1,Sud-Ouest,,BFA.13.1_1,Bougouriba,,BFA.13.1.1_1,Bondigui,,,Département,Department,,BF.SO.BB.BA,912.000000000000000,3784.000000000000000,4.149122807017544,0.717786625623703,1.483059287071228,11.116549682617187,96.548102416992194
BFA,Burkina Faso,BFA.13_1,Sud-Ouest,,BFA.13.1_1,Bougouriba,,BFA.13.1.2_1,Diebougou,,,Département,Department,,BF.SO.BB.DI,677.000000000000000,2782.000000000000000,4.109305760709010,1.092111220485286,1.546718346445184,11.071653617055793,98.651389272589427
BFA,Burkina Faso,BFA.13_1,Sud-Ouest,,BFA.13.1_1,Bougouriba,,BFA.13.1.3_1,Dolo,,,Département,Department,,BF.SO.BB.DO,243.000000000000000,796.000000000000000,3.275720164609054,0.860630065202713,1.539864420890808,12.050550142923990,95.345935821533203
BFA,Burkina Faso,BFA.13_1,Sud-Ouest,,BFA.13.1_1,Bougouriba,,BFA.13.1.4_1,Gueguere,,,Département,Department,,BF.SO.IO.GU,764.000000000000000,3143.000000000000000,4.113874345549738,0.630344516851685,1.087693450125781,7.662233265963468,98.882963353937328
BFA,Burkina Faso,BFA.13_1,Sud-Ouest,,BFA.13.1_1,Bougouriba,,BFA.13.1.5_1,Iolonioro,,,Département,Department,,BF.SO.BB.NI,816.000000000000000,3552.000000000000000,4.352941176470588,0.825274922847748,1.873762459754944,13.947959861755372,99.400195922851566
BFA,Burkina Faso,BFA.13_1,Sud-Ouest,,BFA.13.1_1,Bougouriba,,BFA.13.1.6_1,Tiankoura,,,Département,Department,,BF.SO.BB.TI,667.000000000000000,2127.000000000000000,3.188905547226387,0.746690061357286,1.759681357277764,12.238477230072021,99.691215091281464
BFA,Burkina Faso,BFA.13_1,Sud-Ouest,,BFA.13.2_1,Ioba,,BFA.13.2.1_1,Dano,,,Département,Department,,BF.SO.IO.DA,778.000000000000000,3674.000000000000000,4.722365038560412,0.658298008143902,1.334696683287621,6.508077931404114,99.315347671508789
BFA,Burkina Faso,BFA.13_1,Sud-Ouest,,BFA.13.2_1,Ioba,,BFA.13.2.2_1,Dissin,,,Département,Department,,BF.SO.IO.DI,457.000000000000000,1810.000000000000000,3.960612691466083,1.060076749324799,1.574732724825541,9.457062657674154,100.280627950032553
BFA,Burkina Faso,BFA.13_1,Sud-Ouest,,BFA.13.2_1,Ioba,,BFA.13.2.3_1,Koper,,,Département,Department,,BF.SO.IO.KO,507.000000000000000,2182.000000000000000,4.303747534516766,0.733445231403623,1.568016477993556,6.303439344678607,101.642851148332866
BFA,Burkina Faso,BFA.13_1,Sud-Ouest,,BFA.13.2_1,Ioba,,BFA.13.2.4_1,Niego,,,Département,Department,,BF.SO.IO.NI,178.000000000000000,623.000000000000000,3.500000000000000,0.591723816735404,1.743696127619062,6.207052980150495,98.633716038295205
BFA,Burkina Faso,BFA.13_1,Sud-Ouest,,BFA.13.2_1,Ioba,,BFA.13.2.5_1,Oronkua,,,Département,Department,,BF.SO.IO.OR,462.000000000000000,1915.000000000000000,4.145021645021645,0.487907675596384,1.110725820064545,5.104339636289156,98.149147620567902
BFA,Burkina Faso,BFA.13_1,Sud-Ouest,,BFA.13.2_1,Ioba,,BFA.13.2.6_1,Ouessa,,,Département,Department,,BF.SO.IO.OU,238.000000000000000,943.000000000000000,3.962184873949580,0.626260717709859,1.623206079006195,6.985208352406819,99.668570200602218
BFA,Burkina Faso,BFA.13_1,Sud-Ouest,,BFA.13.2_1,Ioba,,BFA.13.2.7_1,Zambo,,,Département,Department,,BF.SO.IO.ZA,508.000000000000000,1839.000000000000000,3.620078740157480,1.017326831817627,1.702412651135371,10.291091038630558,103.839846684382508
BFA,Burkina Faso,BFA.13_1,Sud-Ouest,,BFA.13.3_1,Noumbiel,,BFA.13.3.1_1,Batié,Batie,,Département,Department,,BF.SO.NB.BA,1499.000000000000000,5392.000000000000000,3.597064709806538,1.015681791596296,3.242152190789944,22.235756571699934,133.531428081233315
BFA,Burkina Faso,BFA.13_1,Sud-Ouest,,BFA.13.3_1,Noumbiel,,BFA.13.3.2_1,Boussoukoula,,,Département,Department,,BF.SO.NB.BO,221.000000000000000,913.000000000000000,4.131221719457014,1.335833092530568,3.684111356735229,24.420215606689453,132.815553029378265
BFA,Burkina Faso,BFA.13_1,Sud-Ouest,,BFA.13.3_1,Noumbiel,,BFA.13.3.3_1,Kpuéré,Kpuere,,Département,Department,,BF.SO.NB.KP,686.000000000000000,2703.000000000000000,3.940233236151604,1.058935690493811,3.748987186522711,24.532276516868954,134.640397208077559
BFA,Burkina Faso,BFA.13_1,Sud-Ouest,,BFA.13.3_1,Noumbiel,,BFA.13.3.4_1,Legmoin,,,Département,Department,,BF.SO.NB.LE,233.000000000000000,825.000000000000000,3.540772532188841,1.882462549209595,3.794817018508911,16.558675003051757,145.973764038085932
BFA,Burkina Faso,BFA.13_1,Sud-Ouest,,BFA.13.3_1,Noumbiel,,BFA.13.3.5_1,Midebdo,,,Département,Department,,BF.SO.NB.MI,691.000000000000000,3084.000000000000000,4.463096960926194,1.338941752910614,3.322038078308105,21.577875804901122,138.061650085449230
BFA,Burkina Faso,BFA.13_1,Sud-Ouest,,BFA.13.4_1,Poni,,BFA.13.4.1_1,Bouroum-Bouroum,Bouroum Bouroum,,Département,Department,,BF.SO.PO.BB,340.000000000000000,1291.000000000000000,3.797058823529412,0.755713798783042,2.101920864798806,16.487231427972969,118.685328396883875
BFA,Burkina Faso,BFA.13_1,Sud-Ouest,,BFA.13.4_1,Poni,,BFA.13.4.2_1,Boussera,,,Département,Department,,BF.SO.PO.BS,495.000000000000000,1722.000000000000000,3.478787878787879,0.670308525363604,2.019191215435664,16.595284541447956,120.940486907958984
BFA,Burkina Faso,BFA.13_1,Sud-Ouest,,BFA.13.4_1,Poni,,BFA.13.4.3_1,Djigouè,Djigoue,,Département,Department,,BF.SO.PO.DJ,923.000000000000000,4549.000000000000000,4.928494041170097,1.374881615638733,2.958194360733032,23.928615646362303,122.738963623046871
BFA,Burkina Faso,BFA.13_1,Sud-Ouest,,BFA.13.4_1,Poni,,BFA.13.4.4_1,Gaoua,,,Département,Department,,BF.SO.PO.GA,925.000000000000000,3929.000000000000000,4.247567567567567,1.315147421360016,2.536024985313416,18.948634681701659,136.283955078124990
BFA,Burkina Faso,BFA.13_1,Sud-Ouest,,BFA.13.4_1,Poni,,BFA.13.4.5_1,Gbomblora,,,Département,Department,,BF.SO.PO.GB,790.000000000000000,3042.000000000000000,3.850632911392405,1.240669410228729,2.903575067520141,17.708134613037110,139.395742797851568
BFA,Burkina Faso,BFA.13_1,Sud-Ouest,,BFA.13.4_1,Poni,,BFA.13.4.6_1,Kampti,,,Département,Department,,BF.SO.PO.KA,1600.000000000000000,8154.000000000000000,5.096250000000000,1.066344230071358,3.138843583024066,22.648399850596551,131.758977309517235
BFA,Burkina Faso,BFA.13_1,Sud-Ouest,,BFA.13.4_1,Poni,,BFA.13.4.7_1,Loropeni,,,Département,Department,,BF.SO.PO.LO,2450.000000000000000,11424.000000000000000,4.662857142857143,0.942084935995249,2.434341936845046,19.357550533001241,112.576720487154446
BFA,Burkina Faso,BFA.13_1,Sud-Ouest,,BFA.13.4_1,Poni,,BFA.13.4.8_1,Malba,,,Département,Department,,BF.SO.PO.MA,211.000000000000000,654.000000000000000,3.099526066350711,0.738977249179568,1.998703360557556,14.915831974574498,115.767211914062500
BFA,Burkina Faso,BFA.13_1,Sud-Ouest,,BFA.13.4_1,Poni,,BFA.13.4.9_1,Nako,,,Département,Department,,BF.SO.PO.NA,816.000000000000000,2574.000000000000000,3.154411764705882,0.525160321074983,1.288251726523690,12.216527607129967,93.981837065323546
BFA,Burkina Faso,BFA.13_1,Sud-Ouest,,BFA.13.4_1,Poni,,BFA.13.4.10_1,Perigban,,,Département,Department,,BF.SO.PO.PE,357.000000000000000,1700.000000000000000,4.761904761904762,1.157668113708496,3.225677702162001,22.066346698337131,131.921386718750000
